id,narrative_raw,narrative_hash,deposit_amount_paise,deposit_date,status,created_at,updated_at
68b7b255-6f27-460a-97ea-0b1e135f5399,CMS/NEFT/UTR202608000001RZP/RAZORPAY-PAYOUT/20260802,73b3bb5e374b5195d7b47e19e967b246dba3ef73d7982427d9f1f8a471fbbabc,25066336,2026-08-02T18:00:00+00:00,UNMATCHED,2026-08-02T18:00:00+00:00,2026-08-02T18:00:00+00:00
e4d29925-bb4d-40e3-9348-39906c2e8671,CMS/NEFT/UTR202608000002RZP/RAZORPAY-PAYOUT/20260803,cbf9e4e11afb4b3f51641a7ae9bc5551150650475d6b55e9bfc662e24661772c,23484628,2026-08-03T15:00:00+00:00,UNMATCHED,2026-08-03T15:00:00+00:00,2026-08-03T15:00:00+00:00
9e44d773-bc4f-4f10-895b-137e7fc79433,NEFT CR 202608000003 RAZORPAY SOFTWARE PRIVATE LTD SETTL,b0cdcbbd6b5a3b9b82db4934a0647750c6e3b41a65c6c4a4b85b419c3dfb02a9,23885677,2026-08-04T16:00:00+00:00,UNMATCHED,2026-08-04T16:00:00+00:00,2026-08-04T16:00:00+00:00
7baef3fa-4980-4bdf-8250-c5a0a443b58f,CMS/NEFT/UTR20260800000/RZP-SETTLEMENT/NOREF-6115,13f3d0e696c7a485f8a187e98e35939887ec960cad54e7292b5e1ff6eed868f9,27305296,2026-08-05T18:00:00+00:00,UNMATCHED,2026-08-05T18:00:00+00:00,2026-08-05T18:00:00+00:00
7ae40967-546c-4b81-9ce6-0755105f3ddc,ACH-CR-AXIS000192-TXN-CMS-UTR202608000-MERCHANT-SETTLE-BATCH,9ffcb48b0877a117336f5b5eb264d1b1acf6a14d09da68d8c73647ac48974348,23756740,2026-08-06T14:00:00+00:00,UNMATCHED,2026-08-06T14:00:00+00:00,2026-08-06T14:00:00+00:00
98b3a6eb-90da-41c9-b603-a3a8e8ddbfe2,CMS/NEFT/UTR202608000006RZP/RAZORPAY-PAYOUT/20260807,8f17515c7c7277d41af2c4f23f01ed5d52bd2b42e5169b9e5e272a52e476dd9e,29957678,2026-08-07T21:00:00+00:00,UNMATCHED,2026-08-07T21:00:00+00:00,2026-08-07T21:00:00+00:00
254cfcb2-6c27-4289-b6be-c048e4a92b2d,CMS/NEFT/UTR202608000007RZP/RAZORPAY-PAYOUT/20260808,18b573a98bc6ac28ccf2cb4bbee7147f607b693516d0c2dd8971faf90e7bdb3b,27183724,2026-08-08T20:00:00+00:00,UNMATCHED,2026-08-08T20:00:00+00:00,2026-08-08T20:00:00+00:00
e29f2853-55b2-4464-b6a8-ea6ad0073d31,CMS/NEFT/UTR202608000008RZP/RAZORPAY-PAYOUT/20260809,1131d74bbdaf847a0017d56766eb5640b6fe0390332e8d8e89c91f858180fa0b,25937664,2026-08-09T15:00:00+00:00,UNMATCHED,2026-08-09T15:00:00+00:00,2026-08-09T15:00:00+00:00
247f3e70-6162-4f14-9d15-b46ae144e531,CMS/NEFT/UTR202608000009RZP/RAZORPAY-PAYOUT/20260810,ca3cfc23011fcc420858567a88ae18db38497dac849495cced36ba14c8fbed16,26143786,2026-08-10T18:00:00+00:00,UNMATCHED,2026-08-10T18:00:00+00:00,2026-08-10T18:00:00+00:00
03967790-bfcd-421d-8bc7-f89da602c6fc,CMS/NEFT/UTR20260800001/RZP-SETTLEMENT/NOREF-1059,198dbb454e84aba15b207c7b056c4ecaca8a0e07680d1cb46738161654b613d9,30164880,2026-08-11T23:00:00+00:00,UNMATCHED,2026-08-11T23:00:00+00:00,2026-08-11T23:00:00+00:00
5c9f5ce8-9717-4c90-9a56-41bfe6d73f38,CMS/NEFT/UTR202608000011RZP/RAZORPAY-PAYOUT/20260812,8feac034f8c226af49fa9f2e85baa421c7b193f95f119f4ee46b5de47f74f649,32310255,2026-08-12T14:00:00+00:00,UNMATCHED,2026-08-12T14:00:00+00:00,2026-08-12T14:00:00+00:00
b961ae79-c52a-4354-9387-e4fbc519425d,CMS/NEFT/UTR202608000012RZP/RAZORPAY-PAYOUT/20260813,05bdcc774210527d45c343235f8d99c5e728ac2c50f4d63e01a531143b9c3238,25261164,2026-08-13T20:00:00+00:00,UNMATCHED,2026-08-13T20:00:00+00:00,2026-08-13T20:00:00+00:00
6307a5f8-c359-451b-b85c-9b3ccb688f9a,CMS/NEFT/UTR202608000013RZP/RAZORPAY-PAYOUT/20260815,1cc8e6079079e906f957a58d9f38a8af4ef15119a36fe80d95a2685c6f253705,28169408,2026-08-15T00:00:00+00:00,UNMATCHED,2026-08-15T00:00:00+00:00,2026-08-15T00:00:00+00:00
a017eed9-a169-4390-8932-283235ea2e01,CMS/NEFT/UTR202608000014RZP/RAZORPAY-PAYOUT/20260815,41d4ceceff8b889e25250418b1692ac3a678cef8a647cebcd3e803486d1b7812,25778476,2026-08-15T23:00:00+00:00,UNMATCHED,2026-08-15T23:00:00+00:00,2026-08-15T23:00:00+00:00
337f0df6-8709-40c8-bb92-98c43895d65d,CMS/NEFT/UTR202608000015RZP/RAZORPAY-PAYOUT/20260816,86dbd67b12ce6f5102f7e681378f5907401cf07f2e15ed650412d05147f7b93a,27414101,2026-08-16T17:00:00+00:00,UNMATCHED,2026-08-16T17:00:00+00:00,2026-08-16T17:00:00+00:00
2fc60296-e902-497a-baa6-f0877c2dec88,CMS/NEFT/UTR202608000016RZP/RAZORPAY-PAYOUT/20260817,611bbaf1a46ac2b51c6da6acd65c13fb790d6b679df34b25b12f536e5ac9c123,18353800,2026-08-17T18:00:00+00:00,UNMATCHED,2026-08-17T18:00:00+00:00,2026-08-17T18:00:00+00:00
2f6978ff-a2ac-44ed-ba78-e76564e2603f,CMS/NEFT/UTR202608000017RZP/RAZORPAY-PAYOUT/20260818,a411f400261f769b484354d39f62dfb73b9aff88693a134c2911ebf99d48b7f0,27805313,2026-08-18T22:00:00+00:00,UNMATCHED,2026-08-18T22:00:00+00:00,2026-08-18T22:00:00+00:00
46922d54-f9b1-45b1-8b30-e3762740ab92,NEFT CR 202608000018 RAZORPAY SOFTWARE PRIVATE LTD SETTL,f2f580e045ce77a5f1bc7300836fc745d771e492142d0884ed9408d6825cb413,28815121,2026-08-20T01:00:00+00:00,UNMATCHED,2026-08-20T01:00:00+00:00,2026-08-20T01:00:00+00:00
9a78d256-f6f6-4342-a07a-c809d4a10b36,CMS/NEFT/UTR202608000019RZP/RAZORPAY-PAYOUT/20260820,e282d4ed294f5fca9629d7a5a7078ac222d433c432b1b6b5433035b2533f9e8d,28312729,2026-08-20T20:00:00+00:00,UNMATCHED,2026-08-20T20:00:00+00:00,2026-08-20T20:00:00+00:00
e5c0cb74-047c-4fe9-a7d3-fe4e848f6c62,CMS/NEFT/UTR202608000020RZP/RAZORPAY-PAYOUT/20260821,3f7bedccecb1b7d50622c83449e77a2b8d583cea6eca9f6fa498e90043c58ceb,23361387,2026-08-21T23:00:00+00:00,UNMATCHED,2026-08-21T23:00:00+00:00,2026-08-21T23:00:00+00:00
03184fc8-000b-4a7c-b750-2f3ea10c4d5a,CMS/NEFT/UTR202608000021RZP/RAZORPAY-PAYOUT/20260822,2395a06a5c985937050c5e6d39389e487051d17224e0f049ec75508a434982d7,27369126,2026-08-22T19:00:00+00:00,UNMATCHED,2026-08-22T19:00:00+00:00,2026-08-22T19:00:00+00:00
44011480-9b1a-4e40-9795-001e3882ec0c,CMS/NEFT/UTR202608000022RZP/RAZORPAY-PAYOUT/20260824,1be3f33e5fee0c4c5e4824a3f46e9097dad6c1781f410c2894aa0c297a516b3e,24872096,2026-08-24T01:00:00+00:00,UNMATCHED,2026-08-24T01:00:00+00:00,2026-08-24T01:00:00+00:00
c37b01a6-eda0-400a-98a7-ade6baf7da76,CMS/NEFT/UTR202608000023RZP/RAZORPAY-PAYOUT/20260824,a4ae5e1018a7cf67b736fb035cd4f8bb6259ddd34117a0d372682399805380cf,33064136,2026-08-24T17:00:00+00:00,UNMATCHED,2026-08-24T17:00:00+00:00,2026-08-24T17:00:00+00:00
ece3f135-12f8-4205-9bb9-f862179dda94,CMS/NEFT/UTR202608000024RZP/RAZORPAY-PAYOUT/20260825,8324a4678bd8f7e1f1c7e8bc6f86f6af6577fa0baa99ef7a8eddedc7217bbf11,24309999,2026-08-25T22:00:00+00:00,UNMATCHED,2026-08-25T22:00:00+00:00,2026-08-25T22:00:00+00:00
1b998e6f-3faf-487a-b2f1-8b6fa31d76b7,CMS/NEFT/UTR202608000025RZP/RAZORPAY-PAYOUT/20260826,cd5883c0a72c6dbf4463b207f0de89fbd50adb7f1cb7449efd6bd6d7e9fd7c57,27079141,2026-08-26T20:00:00+00:00,UNMATCHED,2026-08-26T20:00:00+00:00,2026-08-26T20:00:00+00:00
393bb034-1cfe-41cb-9393-3e38759f7259,CMS/NEFT/UTR202608000026RZP/RAZORPAY-PAYOUT/20260827,3d946d5c6a81c4bf7f52f198ba14a9f2793b0419496e19a157337e8293afce5d,26051085,2026-08-27T19:00:00+00:00,UNMATCHED,2026-08-27T19:00:00+00:00,2026-08-27T19:00:00+00:00
59959476-e842-4758-8a0f-80eecb5ee411,CMS/NEFT/UTR202608000027RZP/RAZORPAY-PAYOUT/20260828,ce3d6b22cf7a70a243e3e6815a6c775b1f02cef3bd4d19d3d8b3b2272a38bbd1,33090552,2026-08-28T23:00:00+00:00,UNMATCHED,2026-08-28T23:00:00+00:00,2026-08-28T23:00:00+00:00
e9549e5e-64ac-49cd-8462-fa7e6ae6edbc,CMS/NEFT/UTR202608000028RZP/RAZORPAY-PAYOUT/20260830,d40564133af7feea9810c3974f95333361391d27f47823a931a9ab85d0c44a02,32541123,2026-08-30T02:00:00+00:00,UNMATCHED,2026-08-30T02:00:00+00:00,2026-08-30T02:00:00+00:00
5dff1a1a-99c4-47ab-8d72-c46e14602417,CMS/NEFT/UTR202608000029RZP/RAZORPAY-PAYOUT/20260802,50a3d691342bd040eade6d9daeda6eab3b8356218febe800c6ffce468ddb2981,24779592,2026-08-02T13:00:00+00:00,UNMATCHED,2026-08-02T13:00:00+00:00,2026-08-02T13:00:00+00:00
6d0cad30-3134-4d42-a0b2-e2e3efce9b97,CMS/NEFT/UTR202608000030RZP/RAZORPAY-PAYOUT/20260804,8d0ac463219b74f81d7bffa755269f798b2ad021344cf750a9bb038c95e61f84,24101913,2026-08-04T01:00:00+00:00,UNMATCHED,2026-08-04T01:00:00+00:00,2026-08-04T01:00:00+00:00
12ff41b3-e384-43a0-80e8-90b86d6cceda,CMS/NEFT/UTR202608000031RZP/RAZORPAY-PAYOUT/20260804,347f284c1c84fa0a1bd3756c380211970e62f92337c03b3645b6a27abd884abd,23865841,2026-08-04T22:00:00+00:00,UNMATCHED,2026-08-04T22:00:00+00:00,2026-08-04T22:00:00+00:00
22d47506-5bd0-45d0-8426-b9fb62088380,CMS/NEFT/UTR202608000032RZP/RAZORPAY-PAYOUT/20260805,e315dd5c955c290459bb363b14a557f712f63b9eeb6788bcb5d4f23fd368fcb0,22695297,2026-08-05T15:00:00+00:00,UNMATCHED,2026-08-05T15:00:00+00:00,2026-08-05T15:00:00+00:00
ac2c867c-876d-419e-a657-00e69bbd5ca5,CMS/NEFT/UTR202608000033RZP/RAZORPAY-PAYOUT/20260806,b7cc5c1d9f07a34d48c83d16af54ab6a8ebe181a36b9c98f2e5386b3f4190bdc,25320477,2026-08-06T18:00:00+00:00,UNMATCHED,2026-08-06T18:00:00+00:00,2026-08-06T18:00:00+00:00
f1de23c7-5736-4a58-b52c-566ec78e4b02,CMS/NEFT/UTR202608000034RZP/RAZORPAY-PAYOUT/20260808,81af11ab2c5b37677b8987eddbf78ffc6391feca0276b01f8272a0aad2006a3b,26002574,2026-08-08T00:00:00+00:00,UNMATCHED,2026-08-08T00:00:00+00:00,2026-08-08T00:00:00+00:00
5ec0ecd9-963e-4b4b-9d53-cb654e52697f,CMS/NEFT/UTR202608000035RZP/RAZORPAY-PAYOUT/20260808,80e319b397004e3e9dee9d49f157cb7547cb3ce284f5b6747b75ddb283f5c462,24407119,2026-08-08T20:00:00+00:00,UNMATCHED,2026-08-08T20:00:00+00:00,2026-08-08T20:00:00+00:00
d7f56867-8a9c-41c7-ad0e-356d194a3fb7,CMS/NEFT/UTR202608000036RZP/RAZORPAY-PAYOUT/20260809,be271f380867488b6ac47bb9bd102fa3a6df315822aca83d57e3db33734ae1b9,32368586,2026-08-09T18:00:00+00:00,UNMATCHED,2026-08-09T18:00:00+00:00,2026-08-09T18:00:00+00:00
5f0eb9d4-6275-4970-bb02-a98be9e6ae70,CMS/NEFT/UTR202608000037RZP/RAZORPAY-PAYOUT/20260810,bf41744e8a2747976626ada6baed521cf7b3357a5c7008cb473f81460cc62797,20983572,2026-08-10T16:00:00+00:00,UNMATCHED,2026-08-10T16:00:00+00:00,2026-08-10T16:00:00+00:00
5b4bb893-3cf5-4ae2-a9d8-0c428c5c2a0f,CMS/NEFT/UTR202608000038RZP/RAZORPAY-PAYOUT/20260811,f8d2e6ab910de5d2618f96ff0a2413ebbd8b8667e84b2d64e635ce3b486af3f5,26074850,2026-08-11T22:00:00+00:00,UNMATCHED,2026-08-11T22:00:00+00:00,2026-08-11T22:00:00+00:00
9b062deb-cad5-4cb4-a4b5-90760066a2d0,NEFT CR 202608000039 RAZORPAY SOFTWARE PRIVATE LTD SETTL,012baf7509725c706135175a564a57289cf2941a77976fa7a3c3c5212609d9b8,26651382,2026-08-12T16:00:00+00:00,UNMATCHED,2026-08-12T16:00:00+00:00,2026-08-12T16:00:00+00:00
e573aa31-9300-4a9c-bf1f-402248c09a83,CMS/NEFT/UTR20260800004/RZP-SETTLEMENT/NOREF-3798,01433cba5de67f78257ecf1254f1dff97ca5fe1f3f933a0620e0203d2353daeb,34272487,2026-08-13T20:00:00+00:00,UNMATCHED,2026-08-13T20:00:00+00:00,2026-08-13T20:00:00+00:00
4af33ece-faa4-44cd-9e02-ada6f120a964,ACH-CR-AXIS000192-TXN-CMS-UTR202608000-MERCHANT-SETTLE-BATCH,9ffcb48b0877a117336f5b5eb264d1b1acf6a14d09da68d8c73647ac48974348,25573539,2026-08-14T22:00:00+00:00,UNMATCHED,2026-08-14T22:00:00+00:00,2026-08-14T22:00:00+00:00
ffcdf64e-0f4d-4c96-a711-01ebd2031dad,CMS/NEFT/UTR202608000042RZP/RAZORPAY-PAYOUT/20260815,533772990641d8388f42a401ed95bac8da6e990429663321f03ebd5f25c5f97b,26359433,2026-08-15T18:00:00+00:00,UNMATCHED,2026-08-15T18:00:00+00:00,2026-08-15T18:00:00+00:00
02fc26c2-c25e-4a05-bd20-2f56b58d1cc3,CMS/NEFT/UTR202608000043RZP/RAZORPAY-PAYOUT/20260816,3061d1dd9befcfe984398d2b5a38db12b04a3af1d9f03ae4909d14019963bf65,19244647,2026-08-16T22:00:00+00:00,UNMATCHED,2026-08-16T22:00:00+00:00,2026-08-16T22:00:00+00:00
bca22abc-84dd-4ff8-a80a-d7a06a5fe882,CMS/NEFT/UTR202608000044RZP/RAZORPAY-PAYOUT/20260817,0cfa718b6ecea15647cac089406c7dd518451274407def546db54bd7d42e760d,28392566,2026-08-17T12:00:00+00:00,UNMATCHED,2026-08-17T12:00:00+00:00,2026-08-17T12:00:00+00:00
879d70b6-e45c-410c-b16c-7beb9b32fd83,CMS/NEFT/UTR202608000045RZP/RAZORPAY-PAYOUT/20260818,64011ccf7877920c04da5bffbcb0d78c7d8a7d708b82025e7208bc3145e03cca,22612326,2026-08-18T16:00:00+00:00,UNMATCHED,2026-08-18T16:00:00+00:00,2026-08-18T16:00:00+00:00
652f9343-f484-4f8b-bb00-a767dd9e6991,CMS/NEFT/UTR202608000046RZP/RAZORPAY-PAYOUT/20260819,af6cb9b51a6cffc53b488dc55a329172bc573492af276d805531c8bf56debb24,22293069,2026-08-19T17:00:00+00:00,UNMATCHED,2026-08-19T17:00:00+00:00,2026-08-19T17:00:00+00:00
23da5c68-c151-4578-a9b3-4ceb8fce275f,CMS/NEFT/UTR202608000047RZP/RAZORPAY-PAYOUT/20260820,5fad98eab09971e8892e3d1bcd2a6952f59a0d3ef174f8e132ad26093eba25e0,20207596,2026-08-20T23:00:00+00:00,UNMATCHED,2026-08-20T23:00:00+00:00,2026-08-20T23:00:00+00:00
b8ba8565-cfa3-4866-91fd-694d537fbaeb,NEFT CR 202608000048 RAZORPAY SOFTWARE PRIVATE LTD SETTL,76b26165129df53e5d03a310026df87e5be814e090a6444447ed84cd0638c00e,18609793,2026-08-21T15:00:00+00:00,UNMATCHED,2026-08-21T15:00:00+00:00,2026-08-21T15:00:00+00:00
d60b7234-e158-4f26-a0c6-5898781db5fc,CMS/NEFT/UTR202608000049RZP/RAZORPAY-PAYOUT/20260822,440c9d6a2fe2727a10f7cc2d65f62101f8ca24eec1eb84e36ebb685b8af3c050,28261469,2026-08-22T16:00:00+00:00,UNMATCHED,2026-08-22T16:00:00+00:00,2026-08-22T16:00:00+00:00
39059570-73ee-41e8-95b3-bdaa0bc903a1,CMS/NEFT/UTR202608000050RZP/RAZORPAY-PAYOUT/20260823,78208e3b54f749c4b81cfaf4cc34ee9261ca272da34a60aac6ba0ad2fad35cd3,20921314,2026-08-23T15:00:00+00:00,UNMATCHED,2026-08-23T15:00:00+00:00,2026-08-23T15:00:00+00:00
205c59eb-5982-4d10-948b-6870956d8c1a,CMS/NEFT/UTR202608000051RZP/RAZORPAY-PAYOUT/20260825,92ab3512bb694642f37d6b4832b9a752177abecd8c84285fda5a7aecfd9510f4,28079308,2026-08-25T00:00:00+00:00,UNMATCHED,2026-08-25T00:00:00+00:00,2026-08-25T00:00:00+00:00
c0873d7a-72e9-4958-9bfd-58b3f0e9398f,CMS/NEFT/UTR202608000052RZP/RAZORPAY-PAYOUT/20260825,9f93125b22c84a7f53ad86225d4cae557f1c5dd4b408c132aea2e3ce83db3456,24661162,2026-08-25T13:00:00+00:00,UNMATCHED,2026-08-25T13:00:00+00:00,2026-08-25T13:00:00+00:00
70a0594e-4a15-48cd-b510-06c9a48357ca,CMS/NEFT/UTR202608000053RZP/RAZORPAY-PAYOUT/20260826,7d7072af125cd1fb6681c48289332d940cf46c62b8c64c1aadb880574b8d8db2,26569042,2026-08-26T16:00:00+00:00,UNMATCHED,2026-08-26T16:00:00+00:00,2026-08-26T16:00:00+00:00
38caab22-9d14-48ca-9dce-279e0a14c8fa,CMS/NEFT/UTR202608000054RZP/RAZORPAY-PAYOUT/20260827,458eacb311d43daa4de46943b1e64d413fafbc601afaef049141ada5df262710,25660838,2026-08-27T23:00:00+00:00,UNMATCHED,2026-08-27T23:00:00+00:00,2026-08-27T23:00:00+00:00
b5bc384c-4c1c-4605-bd9b-fb3b47f1bfe7,CMS/NEFT/UTR202608000055RZP/RAZORPAY-PAYOUT/20260828,e6ca2d58aebfb9f3c319f0d2a10fe072d9a04cb60e9f8696890ae5d895785a66,21214932,2026-08-28T19:00:00+00:00,UNMATCHED,2026-08-28T19:00:00+00:00,2026-08-28T19:00:00+00:00
e20919ed-5f7c-4fd6-a72d-c1f4fe857f45,CMS/NEFT/UTR202608000056RZP/RAZORPAY-PAYOUT/20260829,9f34be690622012a2415819eac77281c893db382f03fdb16710dd6b22765af3a,26172068,2026-08-29T21:00:00+00:00,UNMATCHED,2026-08-29T21:00:00+00:00,2026-08-29T21:00:00+00:00
a05fc1a9-62f3-428d-a79c-d366a58da30f,CMS/NEFT/UTR202608000057RZP/RAZORPAY-PAYOUT/20260802,4ab17cb22c7b265d8915460f1bc28412e1de2d6e8f5e654edc98d88250ad45c6,24819461,2026-08-02T17:00:00+00:00,UNMATCHED,2026-08-02T17:00:00+00:00,2026-08-02T17:00:00+00:00
d85d9b18-9f78-4278-bed5-686d97b6bd3a,CMS/NEFT/UTR20260800005/RZP-SETTLEMENT/NOREF-4541,4a08638d6aad61c82dfef8be9d6513704d1067aecb8a20dfb3d0304b5c230f24,22731052,2026-08-03T15:00:00+00:00,UNMATCHED,2026-08-03T15:00:00+00:00,2026-08-03T15:00:00+00:00
2c172a48-fde0-482e-a125-c4174806546b,ACH-CR-AXIS000192-TXN-CMS-UTR202608000-MERCHANT-SETTLE-BATCH,9ffcb48b0877a117336f5b5eb264d1b1acf6a14d09da68d8c73647ac48974348,23120404,2026-08-05T01:00:00+00:00,UNMATCHED,2026-08-05T01:00:00+00:00,2026-08-05T01:00:00+00:00
325071cc-eb48-44f3-ae77-ee0b976948ad,CMS/NEFT/UTR202608000060RZP/RAZORPAY-PAYOUT/20260805,09cc2a6d034804a0b936ca05b41f75be2cf0009e1d84d13293ac0131cd1baff2,23380143,2026-08-05T23:00:00+00:00,UNMATCHED,2026-08-05T23:00:00+00:00,2026-08-05T23:00:00+00:00
556a333a-89a4-44d7-94f8-6c9a0834ef35,CMS/NEFT/UTR202608000061RZP/RAZORPAY-PAYOUT/20260806,fd5767f267d74179be257ec6fcff6a3f6c8e0ec71a260c18dca11d291acb8a19,30762328,2026-08-06T17:00:00+00:00,UNMATCHED,2026-08-06T17:00:00+00:00,2026-08-06T17:00:00+00:00
3f354f1f-2abd-4dc3-a4ee-d1aa73fface6,CMS/NEFT/UTR202608000062RZP/RAZORPAY-PAYOUT/20260807,b237ca3025380adf62e563f79d4bc5f4ba7670fa67e9d3024a4f9c63edcfe120,27868080,2026-08-07T22:00:00+00:00,UNMATCHED,2026-08-07T22:00:00+00:00,2026-08-07T22:00:00+00:00
e6daf207-05b5-483d-b395-cde15a8cc187,NEFT CR 202608000063 RAZORPAY SOFTWARE PRIVATE LTD SETTL,ee8ca76b7739f7faffbf075c2f4f2dde873356cc088393e1bc8e51ce741d6580,31727143,2026-08-08T15:00:00+00:00,UNMATCHED,2026-08-08T15:00:00+00:00,2026-08-08T15:00:00+00:00
6b3f3a12-fa28-4c0e-b966-45ac1cc9f993,CMS/NEFT/UTR202608000064RZP/RAZORPAY-PAYOUT/20260809,7cf01de9aaa682e7b404e910079b53b93266669998bccb7dcd352fa08d8c0017,28338949,2026-08-09T14:00:00+00:00,UNMATCHED,2026-08-09T14:00:00+00:00,2026-08-09T14:00:00+00:00
1b78c3d5-37a3-429f-ba38-a517132c4a23,CMS/NEFT/UTR202608000065RZP/RAZORPAY-PAYOUT/20260810,13bfb9113d7efc7cacd63b14c2ea5e407d081e4671294da2d66e96f1a1f5af90,26909844,2026-08-10T19:00:00+00:00,UNMATCHED,2026-08-10T19:00:00+00:00,2026-08-10T19:00:00+00:00
c58b25c7-48f2-4724-8ca9-c0cce9e8d4d7,CMS/NEFT/UTR202608000066RZP/RAZORPAY-PAYOUT/20260811,657197a1fd93da8709779a4068fd98eb93e70ab2c7c4cdb79721365659538ea6,27227423,2026-08-11T19:00:00+00:00,UNMATCHED,2026-08-11T19:00:00+00:00,2026-08-11T19:00:00+00:00
02c3fdf4-c9e7-4b40-96d8-57c10e899aaf,CMS/NEFT/UTR202608000067RZP/RAZORPAY-PAYOUT/20260813,20aac6767bc5b2545c8c2367309d2009bb060cbe71f122542055e3a00b26d4d3,26581954,2026-08-13T02:00:00+00:00,UNMATCHED,2026-08-13T02:00:00+00:00,2026-08-13T02:00:00+00:00
32a0d951-8bd1-43e9-8836-76b965eb45f2,ACH-CR-AXIS000192-TXN-CMS-UTR202608000-MERCHANT-SETTLE-BATCH,9ffcb48b0877a117336f5b5eb264d1b1acf6a14d09da68d8c73647ac48974348,28220912,2026-08-13T18:00:00+00:00,UNMATCHED,2026-08-13T18:00:00+00:00,2026-08-13T18:00:00+00:00
b34954b0-da7c-4ef4-a89c-6aaaa3961b22,CMS/NEFT/UTR202608000069RZP/RAZORPAY-PAYOUT/20260814,47d4a404030fa25da3d71471dede05d00de9bf7c2b79bd1a6c4a4c818bd8ee2d,23217426,2026-08-14T20:00:00+00:00,UNMATCHED,2026-08-14T20:00:00+00:00,2026-08-14T20:00:00+00:00
6c41e640-b9bc-477c-a538-ef99d61900b2,CMS/NEFT/UTR202608000070RZP/RAZORPAY-PAYOUT/20260815,47d92e4c5bcfbdbf1f0ce2b373e1450aeb95c1bf3a24629a5650c984d74aab52,23180601,2026-08-15T15:00:00+00:00,UNMATCHED,2026-08-15T15:00:00+00:00,2026-08-15T15:00:00+00:00
5ab956c0-ba94-4ab7-83b7-3c02a88475f9,CMS/NEFT/UTR202608000071RZP/RAZORPAY-PAYOUT/20260816,a64aa988b4117328da434605e973d9ccce5ff530e977859a91de2be4cd4f97b5,28041501,2026-08-16T22:00:00+00:00,UNMATCHED,2026-08-16T22:00:00+00:00,2026-08-16T22:00:00+00:00
8776ff0c-0957-4493-a838-681b8989ab5b,CMS/NEFT/UTR202608000072RZP/RAZORPAY-PAYOUT/20260817,6d83a47ec26c2b4e8ea0d71fad8afbe466fbf8c0ffc7faa9be319b73aefd95ef,32891722,2026-08-17T19:00:00+00:00,UNMATCHED,2026-08-17T19:00:00+00:00,2026-08-17T19:00:00+00:00
8ebad482-d6d3-4d4c-b3b1-9c73f272746b,CMS/NEFT/UTR202608000073RZP/RAZORPAY-PAYOUT/20260819,4163c7b4ba4a94c83b199e905c4a45a2a93c21eded02a6844aaff44bfc51fb03,21631496,2026-08-19T01:00:00+00:00,UNMATCHED,2026-08-19T01:00:00+00:00,2026-08-19T01:00:00+00:00
d0362383-a9ad-40e1-a5c0-73a98fca7bad,CMS/NEFT/UTR202608000074RZP/RAZORPAY-PAYOUT/20260819,f48a565f8809570b99904faac756f772ab917be69155cb5f49e23b8341f7fec1,29584714,2026-08-19T13:00:00+00:00,UNMATCHED,2026-08-19T13:00:00+00:00,2026-08-19T13:00:00+00:00
9d319707-798e-4fd0-b158-d25b3bf18887,CMS/NEFT/UTR202608000075RZP/RAZORPAY-PAYOUT/20260820,dbfe01516bd64dffa29d5032ccd4b6133bb3c9a079e056c17c25988065d68b7e,23776479,2026-08-20T22:00:00+00:00,UNMATCHED,2026-08-20T22:00:00+00:00,2026-08-20T22:00:00+00:00
f56c6fdd-bf6a-41e7-a794-e48134d123ad,CMS/NEFT/UTR202608000076RZP/RAZORPAY-PAYOUT/20260821,9a3ac4dd558abefd0ff86e35901910c623a11a332ec1c5087ab21dec42156943,27217603,2026-08-21T22:00:00+00:00,UNMATCHED,2026-08-21T22:00:00+00:00,2026-08-21T22:00:00+00:00
3fee0671-4e31-40a5-b8ba-a9409a6c60f7,CMS/NEFT/UTR202608000077RZP/RAZORPAY-PAYOUT/20260823,4f9de444ee05967c341da8b9005892f2c88a65b803db833a27374fa8f05fef44,20853850,2026-08-23T01:00:00+00:00,UNMATCHED,2026-08-23T01:00:00+00:00,2026-08-23T01:00:00+00:00
4fe98aac-ec8a-4015-8f14-ccfa2fa2c00c,CMS/NEFT/UTR202608000078RZP/RAZORPAY-PAYOUT/20260823,64a82d2932f3d1ea148faa179abf0f3aeb0b0896ceab8204c5307e02acda1638,21009399,2026-08-23T22:00:00+00:00,UNMATCHED,2026-08-23T22:00:00+00:00,2026-08-23T22:00:00+00:00
c5bc2d9c-6c02-4b9b-ace9-6f96bd4d94eb,CMS/NEFT/UTR202608000079RZP/RAZORPAY-PAYOUT/20260824,f5b15b28a4f70764f1f5b5c88519655f0020cd7e8a7a8c5417a549aaf2af2fca,28743631,2026-08-24T14:00:00+00:00,UNMATCHED,2026-08-24T14:00:00+00:00,2026-08-24T14:00:00+00:00
58c6c808-87e0-444a-9c43-ae85a1c00924,CMS/NEFT/UTR202608000080RZP/RAZORPAY-PAYOUT/20260826,e668d1e7a7c7cd2d5f4f6a5c314a59f08b6d43288d79eb89e6dfbdb2fad1e4f8,26122575,2026-08-26T03:00:00+00:00,UNMATCHED,2026-08-26T03:00:00+00:00,2026-08-26T03:00:00+00:00
bc95d1ea-3787-4575-9609-6901cd123233,NEFT CR 202608000081 RAZORPAY SOFTWARE PRIVATE LTD SETTL,5a5d79dbc3b65fac5ade9aff5c030c34254da4b5bc6c8ca215a7da75fea99088,18629620,2026-08-26T20:00:00+00:00,UNMATCHED,2026-08-26T20:00:00+00:00,2026-08-26T20:00:00+00:00
c05fca19-f277-4e7a-be5b-dbffd782aa4d,CMS/NEFT/UTR20260800008/RZP-SETTLEMENT/NOREF-2567,24f48d2af159fdbdaf091c598cf9f0383a611665f84647c59b0996d8fd25fe89,32516279,2026-08-27T17:00:00+00:00,UNMATCHED,2026-08-27T17:00:00+00:00,2026-08-27T17:00:00+00:00
d36ee808-de1e-4ec7-abbe-9c89d4a45170,CMS/NEFT/UTR202608000083RZP/RAZORPAY-PAYOUT/20260828,eac23c924734cde7f191ad4fbb216fc583106fe0525f2cbfe827d83927f38654,21588288,2026-08-28T17:00:00+00:00,UNMATCHED,2026-08-28T17:00:00+00:00,2026-08-28T17:00:00+00:00
0ba6a8c7-67f1-423b-8cd7-75b1c4625c08,CMS/NEFT/UTR202608000084RZP/RAZORPAY-PAYOUT/20260829,144a6707745fe505a21c85a0cdd9be89392d1e99dc53e437ad9874212cbe6e1b,25270592,2026-08-29T21:00:00+00:00,UNMATCHED,2026-08-29T21:00:00+00:00,2026-08-29T21:00:00+00:00
e84de211-6640-4838-91a6-28d3b4fa8dc2,CMS/NEFT/UTR202608000085RZP/RAZORPAY-PAYOUT/20260802,627167538ad74876e38758f90a1439c74c0542e56fa4fb7c5cd483f68155746b,29571555,2026-08-02T17:00:00+00:00,UNMATCHED,2026-08-02T17:00:00+00:00,2026-08-02T17:00:00+00:00
ca02520c-8ead-4eae-b1f0-98d8869b5fd8,CMS/NEFT/UTR202608000086RZP/RAZORPAY-PAYOUT/20260804,e130bf23bf50304fb4303b366fb33f9798fc21cf95cd45cf7fa66d90918c45e9,31070775,2026-08-04T00:00:00+00:00,UNMATCHED,2026-08-04T00:00:00+00:00,2026-08-04T00:00:00+00:00
e03d4bf6-f0bd-48c3-b396-fb659de2d8e5,CMS/NEFT/UTR202608000087RZP/RAZORPAY-PAYOUT/20260805,dd949a888e76a3723fb567a9494849c916953b092a5593081abdcdd992bc659c,25802836,2026-08-05T02:00:00+00:00,UNMATCHED,2026-08-05T02:00:00+00:00,2026-08-05T02:00:00+00:00
acc636df-cc8e-423d-9676-4bab1eb05dc9,CMS/NEFT/UTR202608000088RZP/RAZORPAY-PAYOUT/20260805,4ddbf4d65fa0ed3f777db803b04d6e8684795b93d7952a39dfadf7ba53023e81,20993196,2026-08-05T18:00:00+00:00,UNMATCHED,2026-08-05T18:00:00+00:00,2026-08-05T18:00:00+00:00
6f836e22-60e2-4f3e-a864-1e253a9ed581,ACH-CR-AXIS000192-TXN-CMS-UTR202608000-MERCHANT-SETTLE-BATCH,9ffcb48b0877a117336f5b5eb264d1b1acf6a14d09da68d8c73647ac48974348,27600976,2026-08-06T23:00:00+00:00,UNMATCHED,2026-08-06T23:00:00+00:00,2026-08-06T23:00:00+00:00
00ea2f9b-b5e4-4c31-b099-29e1e41e20fc,CMS/NEFT/UTR202608000090RZP/RAZORPAY-PAYOUT/20260807,74a5622542ab5a142165046c7f0c3aa181209de5e605f551478a5b4323832cab,26366405,2026-08-07T23:00:00+00:00,UNMATCHED,2026-08-07T23:00:00+00:00,2026-08-07T23:00:00+00:00
6d7d8e4f-15a2-412d-a9a7-7cc853b3440d,CMS/NEFT/UTR202608000091RZP/RAZORPAY-PAYOUT/20260808,4734b048feaafd795286bb95d41a6b08fd88fecaf667ea6bba5f32ee1fca4994,27028077,2026-08-08T22:00:00+00:00,UNMATCHED,2026-08-08T22:00:00+00:00,2026-08-08T22:00:00+00:00
6229a6eb-595e-48db-93e8-7c404940a45c,CMS/NEFT/UTR202608000092RZP/RAZORPAY-PAYOUT/20260809,52926c4a151e1357afef6c4f2b682ed8aedd3083a2b674c0478990738ea6d8d0,27233119,2026-08-09T18:00:00+00:00,UNMATCHED,2026-08-09T18:00:00+00:00,2026-08-09T18:00:00+00:00
fa7d8c18-072c-45c5-bc0a-0dd06e456c54,CMS/NEFT/UTR202608000093RZP/RAZORPAY-PAYOUT/20260811,68adcfcf1a0722dad21b7e3b9f84c90f86b6780fccf185dd917ffc759c70a7e8,20103406,2026-08-11T03:00:00+00:00,UNMATCHED,2026-08-11T03:00:00+00:00,2026-08-11T03:00:00+00:00
63dc10c7-80cb-4d7e-82d9-99ab0208b62a,CMS/NEFT/UTR20260800009/RZP-SETTLEMENT/NOREF-6740,b29f5ec842b920a1a7590f75e0115b57442a5e6a497e69df0615a1baffa72643,25617532,2026-08-11T22:00:00+00:00,UNMATCHED,2026-08-11T22:00:00+00:00,2026-08-11T22:00:00+00:00
9466829f-1bdb-4b6c-b3d5-84bfbd349fb3,CMS/NEFT/UTR202608000095RZP/RAZORPAY-PAYOUT/20260812,0f272d8fd976aec51ec558d20b9769a6f8f7e0b4f6adc9728f475c2b46c083ef,29091652,2026-08-12T14:00:00+00:00,UNMATCHED,2026-08-12T14:00:00+00:00,2026-08-12T14:00:00+00:00
5fae2a83-7947-416a-8547-fabb20464ba3,CMS/NEFT/UTR202608000096RZP/RAZORPAY-PAYOUT/20260813,abb962e7b406f0af8e268e2f49314187601923bbd999abcfebd74e4627e94223,26301102,2026-08-13T18:00:00+00:00,UNMATCHED,2026-08-13T18:00:00+00:00,2026-08-13T18:00:00+00:00
2ab361a1-ee15-474d-9139-4e7943621be4,CMS/NEFT/UTR202608000097RZP/RAZORPAY-PAYOUT/20260814,14ca2f9cb8ffc3e6865ac27b6bb504d31b21fc86ef4f909edbd497070042c607,31226029,2026-08-14T22:00:00+00:00,UNMATCHED,2026-08-14T22:00:00+00:00,2026-08-14T22:00:00+00:00
79cfa3fd-1c41-4211-8303-64f5febe77f6,CMS/NEFT/UTR202608000098RZP/RAZORPAY-PAYOUT/20260815,dd87b794f3cc42d8c913b2ae354318025cf68eb0ed06a07d8673237089a5e013,30523310,2026-08-15T23:00:00+00:00,UNMATCHED,2026-08-15T23:00:00+00:00,2026-08-15T23:00:00+00:00
a670f2da-3e2f-4e42-9a02-72385f73dbc7,CMS/NEFT/UTR202608000099RZP/RAZORPAY-PAYOUT/20260816,e8a15d1e84e78b5cdfaeb1c3c11294c569f546314cc524f4805d3979c5137cad,25071344,2026-08-16T20:00:00+00:00,UNMATCHED,2026-08-16T20:00:00+00:00,2026-08-16T20:00:00+00:00
01ea3581-03ee-4e1a-ad66-64a15121624d,CMS/NEFT/UTR20260800010/RZP-SETTLEMENT/NOREF-3535,e22cf42a64453843d8c7ad3505542e58fd9625b49561d3127e4f730cc032497f,23780603,2026-08-17T20:00:00+00:00,UNMATCHED,2026-08-17T20:00:00+00:00,2026-08-17T20:00:00+00:00
4f0f137b-2bf7-48f0-8f41-e62d733d1ad6,CMS/NEFT/UTR202608000101RZP/RAZORPAY-PAYOUT/20260818,48c9716f9053c2379ba67d960ea504346bdfad9aeee8365fc0075253217bccdd,25177203,2026-08-18T21:00:00+00:00,UNMATCHED,2026-08-18T21:00:00+00:00,2026-08-18T21:00:00+00:00
976a4b1c-ecad-48fe-88d4-854035a233b4,CMS/NEFT/UTR202608000102RZP/RAZORPAY-PAYOUT/20260819,0676c3252e65f5f1d790b104039d86f4217ec394d9becad45958acfca08c6c66,17854412,2026-08-19T23:00:00+00:00,UNMATCHED,2026-08-19T23:00:00+00:00,2026-08-19T23:00:00+00:00
854d1d1f-86f4-426a-b7bb-d5761e2c61f4,CMS/NEFT/UTR202608000103RZP/RAZORPAY-PAYOUT/20260820,b862a48189e2eed61e5df0bd952904db0a1d8cd11e4540cfe1a24f955ff526aa,24566203,2026-08-20T20:00:00+00:00,UNMATCHED,2026-08-20T20:00:00+00:00,2026-08-20T20:00:00+00:00
de662b95-f4b6-48c3-aca3-c0e0602ac3e8,ACH-CR-AXIS000192-TXN-CMS-UTR202608000-MERCHANT-SETTLE-BATCH,9ffcb48b0877a117336f5b5eb264d1b1acf6a14d09da68d8c73647ac48974348,27674822,2026-08-22T00:00:00+00:00,UNMATCHED,2026-08-22T00:00:00+00:00,2026-08-22T00:00:00+00:00
f64c959c-7848-497e-97f1-dcb81d76de97,CMS/NEFT/UTR202608000105RZP/RAZORPAY-PAYOUT/20260822,123790808e07364153e70d433f97a57dd5f6509a0e213bbc30cb6d036cee88f8,20763212,2026-08-22T22:00:00+00:00,UNMATCHED,2026-08-22T22:00:00+00:00,2026-08-22T22:00:00+00:00
9dbabd7d-9ab9-4177-bb37-bac7ed1607d3,CMS/NEFT/UTR202608000106RZP/RAZORPAY-PAYOUT/20260823,9fa2c88ecb4b708a4b2ea18c68671cd6a32243c15aa1c27b3bc853f8038a759b,26789647,2026-08-23T22:00:00+00:00,UNMATCHED,2026-08-23T22:00:00+00:00,2026-08-23T22:00:00+00:00
e46d1eab-13df-46de-8ca9-6009ba4cbdee,ACH-CR-AXIS000192-TXN-CMS-UTR202608000-MERCHANT-SETTLE-BATCH,9ffcb48b0877a117336f5b5eb264d1b1acf6a14d09da68d8c73647ac48974348,24210032,2026-08-24T17:00:00+00:00,UNMATCHED,2026-08-24T17:00:00+00:00,2026-08-24T17:00:00+00:00
08e23936-b71d-404d-ad7b-c26787d4d9ae,CMS/NEFT/UTR202608000108RZP/RAZORPAY-PAYOUT/20260825,0f934a492379babb42d93c83ee9048a557c53972c7f5d48627f7a7a30a9031bf,27710763,2026-08-25T17:00:00+00:00,UNMATCHED,2026-08-25T17:00:00+00:00,2026-08-25T17:00:00+00:00
4c4c0fe9-3697-451d-b6b0-747913151c0a,CMS/NEFT/UTR202608000109RZP/RAZORPAY-PAYOUT/20260826,9b8675ffa70bf469daf7f3d53a3fe864c61a6a5cef2f4eac7e00187b72f8c6d9,24220735,2026-08-26T17:00:00+00:00,UNMATCHED,2026-08-26T17:00:00+00:00,2026-08-26T17:00:00+00:00
3def0d1e-9d49-4438-99a5-8e7339aec677,CMS/NEFT/UTR202608000110RZP/RAZORPAY-PAYOUT/20260827,6993893e8ea6eaf2a37243dcde909c0524f71f88f04256cab688d0c72aab0eb5,22459126,2026-08-27T23:00:00+00:00,UNMATCHED,2026-08-27T23:00:00+00:00,2026-08-27T23:00:00+00:00
c964803b-9ff0-480e-94e1-bdef03701418,CMS/NEFT/UTR202608000111RZP/RAZORPAY-PAYOUT/20260828,f252b3aa798af686df500c5ce302877774ac9dce6696683bec3315bcbe03abe0,23962273,2026-08-28T20:00:00+00:00,UNMATCHED,2026-08-28T20:00:00+00:00,2026-08-28T20:00:00+00:00
b8c79bdb-56d8-4f61-845e-287398fec2a3,CMS/NEFT/UTR202608000112RZP/RAZORPAY-PAYOUT/20260829,622ae8417a23ad2bf5f9f8bc981f6e764e7d3f184de26dcb35dd91fb92d730c4,31378619,2026-08-29T14:00:00+00:00,UNMATCHED,2026-08-29T14:00:00+00:00,2026-08-29T14:00:00+00:00
0d6e08d0-dd2c-40c7-ba33-1a6b0b18aca0,CMS/NEFT/UTR202608000113RZP/RAZORPAY-PAYOUT/20260802,cf2065a306bc3ee181420c71fcf8854f8fa86a3095702acf30a067163dc0ea48,24243695,2026-08-02T21:00:00+00:00,UNMATCHED,2026-08-02T21:00:00+00:00,2026-08-02T21:00:00+00:00
51123a0c-4212-4f1a-ad12-8184f5b516bb,CMS/NEFT/UTR202608000114RZP/RAZORPAY-PAYOUT/20260803,20dc89a4199507c7b59f486b9834a63188c48c0383f71006d24fd8d5705490dc,28049946,2026-08-03T22:00:00+00:00,UNMATCHED,2026-08-03T22:00:00+00:00,2026-08-03T22:00:00+00:00
88dc24a5-af1d-4d77-a510-7c5c675f57e2,CMS/NEFT/UTR202608000115RZP/RAZORPAY-PAYOUT/20260804,bf42c001cead59d702577bcb5380538f6c73ea7fcc0ec1a55288ac79b2f638ba,27686685,2026-08-04T23:00:00+00:00,UNMATCHED,2026-08-04T23:00:00+00:00,2026-08-04T23:00:00+00:00
53f3b498-a08a-4af7-b333-a5ea086915f2,CMS/NEFT/UTR202608000116RZP/RAZORPAY-PAYOUT/20260805,fa2388e617d4231c06e8380f4467f637ba2764da77f5145611d161435d80ceab,30109102,2026-08-05T16:00:00+00:00,UNMATCHED,2026-08-05T16:00:00+00:00,2026-08-05T16:00:00+00:00
8bc6caa9-1df0-4f1c-b1ac-9e81e28007af,CMS/NEFT/UTR202608000117RZP/RAZORPAY-PAYOUT/20260806,aa357fa15157808a645ff1fa8b37a929d9e0ce2e0899dd04ca17b68977643e2d,16660121,2026-08-06T18:00:00+00:00,UNMATCHED,2026-08-06T18:00:00+00:00,2026-08-06T18:00:00+00:00
b60c3ee0-3619-42ee-8b12-f3a497f2da87,CMS/NEFT/UTR202608000118RZP/RAZORPAY-PAYOUT/20260807,92f7c6a2ff43de416c6598a44bcff411ee0f3f680493bc5a6097c66c21ebb0f7,23033105,2026-08-07T21:00:00+00:00,UNMATCHED,2026-08-07T21:00:00+00:00,2026-08-07T21:00:00+00:00
b963ea6f-8913-426f-a0dd-f7780ecad584,CMS/NEFT/UTR202608000119RZP/RAZORPAY-PAYOUT/20260808,39db0c295f3cb5a0941876b061920ec7dc638a6b9cfd50f705ec6aa3c69d5b4b,26216650,2026-08-08T15:00:00+00:00,UNMATCHED,2026-08-08T15:00:00+00:00,2026-08-08T15:00:00+00:00
562e919e-cc37-4b82-b13c-371a761321d6,CMS/NEFT/UTR202608000120RZP/RAZORPAY-PAYOUT/20260809,a36958a5e9b1ccb9b71ee13e64fb223cdeb3dc5078967f54857fc4af9144e302,23656532,2026-08-09T19:00:00+00:00,UNMATCHED,2026-08-09T19:00:00+00:00,2026-08-09T19:00:00+00:00
6ebe36d5-daa5-4180-af9f-28564be0af6b,CMS/NEFT/UTR20260800012/RZP-SETTLEMENT/NOREF-7094,297191a54157dc4bf1635054bf658618d22d0d214f15a95d2f54380eae447633,22779749,2026-08-11T03:00:00+00:00,UNMATCHED,2026-08-11T03:00:00+00:00,2026-08-11T03:00:00+00:00
4629f004-8726-4d7e-9a49-63b146b7f488,CMS/NEFT/UTR202608000122RZP/RAZORPAY-PAYOUT/20260811,dff46d2f38ff8c4e4c28c2be4e0a3ad618636231fe6a81cbabc955487ce36de2,23497492,2026-08-11T14:00:00+00:00,UNMATCHED,2026-08-11T14:00:00+00:00,2026-08-11T14:00:00+00:00
602523d6-9dce-4731-b8bd-04769e83c58b,CMS/NEFT/UTR202608000123RZP/RAZORPAY-PAYOUT/20260812,6c3bb19a5ec654decbf6d5f3d4c7e7db20961c8e9b10b3d18f05163ff9a86f99,28606249,2026-08-12T22:00:00+00:00,UNMATCHED,2026-08-12T22:00:00+00:00,2026-08-12T22:00:00+00:00
16dcda96-0cd1-4ac8-bf5d-ab4003361d10,CMS/NEFT/UTR202608000124RZP/RAZORPAY-PAYOUT/20260813,5310daa1e7d89472956e86e41a874ea3edf4217f7d998d43f9780e90f2b110ed,24465646,2026-08-13T23:00:00+00:00,UNMATCHED,2026-08-13T23:00:00+00:00,2026-08-13T23:00:00+00:00
c84edbcc-6d7b-4e5f-b28e-d215dcae30b8,CMS/NEFT/UTR202608000125RZP/RAZORPAY-PAYOUT/20260814,0b25b1b870bd049dc4e2a9e4efcdfb0c99d4c383a9ecb6b23be8221c4d0b7702,28646315,2026-08-14T22:00:00+00:00,UNMATCHED,2026-08-14T22:00:00+00:00,2026-08-14T22:00:00+00:00
bf203da3-be55-4407-8a4e-746f06be5693,CMS/NEFT/UTR202608000126RZP/RAZORPAY-PAYOUT/20260815,3b8e34294a35d2d5f805f41899da36d56cb8bdc37a904fc904cb1e0297c7ef93,23954482,2026-08-15T22:00:00+00:00,UNMATCHED,2026-08-15T22:00:00+00:00,2026-08-15T22:00:00+00:00
b4716521-a63b-400f-a55d-018587f2bcf5,CMS/NEFT/UTR202608000127RZP/RAZORPAY-PAYOUT/20260816,4a1c8627e778e286c8ee1c8636ff79698bd2003fc1d9cdb4103c195466ccacf7,23432877,2026-08-16T20:00:00+00:00,UNMATCHED,2026-08-16T20:00:00+00:00,2026-08-16T20:00:00+00:00
0c7fe159-a0cc-4de6-83d7-df27da123148,ACH-CR-AXIS000192-TXN-CMS-UTR202608000-MERCHANT-SETTLE-BATCH,9ffcb48b0877a117336f5b5eb264d1b1acf6a14d09da68d8c73647ac48974348,31471922,2026-08-17T17:00:00+00:00,UNMATCHED,2026-08-17T17:00:00+00:00,2026-08-17T17:00:00+00:00
49a84724-970c-45b5-a345-a74b6129a871,NEFT CR 202608000129 RAZORPAY SOFTWARE PRIVATE LTD SETTL,9b1cc1f1f3a577abe29a600aa22cbfa29db000d48e30b651bbcfdfc7f8db5514,29926352,2026-08-18T20:00:00+00:00,UNMATCHED,2026-08-18T20:00:00+00:00,2026-08-18T20:00:00+00:00
701d6194-4fc8-4f66-b28d-c63f74ffc6ce,CMS/NEFT/UTR202608000130RZP/RAZORPAY-PAYOUT/20260819,2acbca84babccf9333b8b8fae0b42949157d4079ffa6a248fa1ce0bfded34272,28569621,2026-08-19T16:00:00+00:00,UNMATCHED,2026-08-19T16:00:00+00:00,2026-08-19T16:00:00+00:00
606ef695-8c1f-4b56-98a3-b09f76c46623,CMS/NEFT/UTR202608000131RZP/RAZORPAY-PAYOUT/20260821,90f070ae9711cc4dcee2f91ca62dd037d9452c730b7a0664366a4adfb7e7eb65,29669362,2026-08-21T00:00:00+00:00,UNMATCHED,2026-08-21T00:00:00+00:00,2026-08-21T00:00:00+00:00
0da2818c-4d56-42e3-b525-35e3c3d23572,CMS/NEFT/UTR202608000132RZP/RAZORPAY-PAYOUT/20260821,7af24553862ed21388d280d8dc0df20ea897406dfcf41c0ec63e7611abe4af55,22649241,2026-08-21T22:00:00+00:00,UNMATCHED,2026-08-21T22:00:00+00:00,2026-08-21T22:00:00+00:00
f0b35d24-32ba-4764-9b65-37704e2bdaa7,CMS/NEFT/UTR202608000133RZP/RAZORPAY-PAYOUT/20260822,92a76a13879f84bd6bdedb19dde0dad014fba3c495ba878fe1ca1dee9be6534a,24045056,2026-08-22T22:00:00+00:00,UNMATCHED,2026-08-22T22:00:00+00:00,2026-08-22T22:00:00+00:00
a36cf3c9-4b3c-4e3b-97b4-dbfdc1c50ca2,CMS/NEFT/UTR202608000134RZP/RAZORPAY-PAYOUT/20260823,cc80044e5b305b72071ce8af017278b09368ed923fd28909a2528241ef45fa5c,24853929,2026-08-23T15:00:00+00:00,UNMATCHED,2026-08-23T15:00:00+00:00,2026-08-23T15:00:00+00:00
d3ea8b88-eb04-429f-855f-2fc575495f72,CMS/NEFT/UTR202608000135RZP/RAZORPAY-PAYOUT/20260825,193cab1d0f2f28930cd3e6855fb00ac9ae592a78a20abeae72321f2e1fe10510,27049681,2026-08-25T01:00:00+00:00,UNMATCHED,2026-08-25T01:00:00+00:00,2026-08-25T01:00:00+00:00
413e3717-a949-4571-bdd1-d8831fce4c37,CMS/NEFT/UTR202608000136RZP/RAZORPAY-PAYOUT/20260826,1296de0e30550757fcd4be1a604832a1c88dd972c66aa7ec0ba606f01ea73a65,30612672,2026-08-26T01:00:00+00:00,UNMATCHED,2026-08-26T01:00:00+00:00,2026-08-26T01:00:00+00:00
7e157a68-3af3-4f02-a450-705481781d06,CMS/NEFT/UTR202608000137RZP/RAZORPAY-PAYOUT/20260826,89e6580809f764a7aa18e6133e1004490e07579489e4f78f8f55200fcc5c0bfe,25555273,2026-08-26T20:00:00+00:00,UNMATCHED,2026-08-26T20:00:00+00:00,2026-08-26T20:00:00+00:00
c1799b10-5c4a-4ba2-ad7f-978b2c8d0fc6,CMS/NEFT/UTR202608000138RZP/RAZORPAY-PAYOUT/20260827,e5138933e81b3c2ca85ab1e9aecb2850c8fa4614b66ba36733e3f56b5d78f1e3,18359570,2026-08-27T18:00:00+00:00,UNMATCHED,2026-08-27T18:00:00+00:00,2026-08-27T18:00:00+00:00
968bf8fe-dcf8-4086-aa46-8c73fd6fcbab,CMS/NEFT/UTR202608000139RZP/RAZORPAY-PAYOUT/20260828,ec777986102365eb9fe3b3a5f22909f848f6e77f8223dc8e1d63dc72f0c4d256,22685575,2026-08-28T22:00:00+00:00,UNMATCHED,2026-08-28T22:00:00+00:00,2026-08-28T22:00:00+00:00
4e70f00d-6477-40dc-bc62-49496f079dc3,CMS/NEFT/UTR202608000140RZP/RAZORPAY-PAYOUT/20260829,0a37f391e3d2f328eb4133401f39bfff86153dd3daef45562b331ccb49efb087,27194231,2026-08-29T18:00:00+00:00,UNMATCHED,2026-08-29T18:00:00+00:00,2026-08-29T18:00:00+00:00
305886f5-616a-4c38-82ce-342b42ac21ed,CMS/NEFT/UTR202608000141RZP/RAZORPAY-PAYOUT/20260802,a947b85b7d9ff35870dd360890f657b17143f656d17056d75f08e5b0406b3e73,27982110,2026-08-02T23:00:00+00:00,UNMATCHED,2026-08-02T23:00:00+00:00,2026-08-02T23:00:00+00:00
cb832d2b-3017-4a58-8176-ebfa70e2fb34,CMS/NEFT/UTR202608000142RZP/RAZORPAY-PAYOUT/20260803,b741537239ecae2dc0953b8edaf4a7bf9c85824028c586248593c2000b7b4f24,21687961,2026-08-03T22:00:00+00:00,UNMATCHED,2026-08-03T22:00:00+00:00,2026-08-03T22:00:00+00:00
acc810fe-042d-4601-9a39-1603e6e5c8c8,CMS/NEFT/UTR202608000143RZP/RAZORPAY-PAYOUT/20260805,02d864fb218b27b8cf5846fa0eb86f4dcd18281b0bbe648a01daf3db325a10ad,25894408,2026-08-05T00:00:00+00:00,UNMATCHED,2026-08-05T00:00:00+00:00,2026-08-05T00:00:00+00:00
6eebea18-0dc9-4e6f-9e05-61a7bbdf636b,CMS/NEFT/UTR202608000144RZP/RAZORPAY-PAYOUT/20260805,bc48e7592a71c5a16824bd651cd77a084720fae7eb7b5e476e2f675bc16e22e0,27885363,2026-08-05T16:00:00+00:00,UNMATCHED,2026-08-05T16:00:00+00:00,2026-08-05T16:00:00+00:00
639fe0df-20ca-4738-ab39-637e2ea682d9,CMS/NEFT/UTR202608000145RZP/RAZORPAY-PAYOUT/20260807,53de8b7a96e2e8a4085b00994af40d192d3cabc2d6836e9f19750f3d65c955cb,26662871,2026-08-07T01:00:00+00:00,UNMATCHED,2026-08-07T01:00:00+00:00,2026-08-07T01:00:00+00:00
f6d76fe2-50e2-4af3-b48a-e382a368acb6,CMS/NEFT/UTR202608000146RZP/RAZORPAY-PAYOUT/20260807,287ff567ad758cd48146151b0ad0a981391b8ea10693fa78e81740dafc7d9d7a,30849039,2026-08-07T21:00:00+00:00,UNMATCHED,2026-08-07T21:00:00+00:00,2026-08-07T21:00:00+00:00
ff74fd1d-a124-4315-bf10-63d30f1ec49a,CMS/NEFT/UTR202608000147RZP/RAZORPAY-PAYOUT/20260808,ac9142f1018b8467dc2cf5cc40cbf42ee98fffa87aeef5f2c5109192cbeeefa6,28278556,2026-08-08T17:00:00+00:00,UNMATCHED,2026-08-08T17:00:00+00:00,2026-08-08T17:00:00+00:00
187617ee-940e-471e-9167-fad627a9b101,CMS/NEFT/UTR202608000148RZP/RAZORPAY-PAYOUT/20260810,9c40d7f745eb629661c42f83c3187b8a77ba5d118f7ed7a51d6bf5cda069297e,25145681,2026-08-10T01:00:00+00:00,UNMATCHED,2026-08-10T01:00:00+00:00,2026-08-10T01:00:00+00:00
04384c73-2861-4cf9-b72c-b5f594ac6562,CMS/NEFT/UTR202608000149RZP/RAZORPAY-PAYOUT/20260810,250c3ba23f2d65df9c972667b781fa2b76d290655a47823857ec16042fbd0e92,17804053,2026-08-10T20:00:00+00:00,UNMATCHED,2026-08-10T20:00:00+00:00,2026-08-10T20:00:00+00:00
c0cacf32-f884-4743-95fd-5dcc567b5878,CMS/NEFT/UTR202608000150RZP/RAZORPAY-PAYOUT/20260811,bdf208ef4c68735a8c83734090b795be86ca42ab0fb110542feff8d80da51946,25129184,2026-08-11T23:00:00+00:00,UNMATCHED,2026-08-11T23:00:00+00:00,2026-08-11T23:00:00+00:00
bfbbca77-5f15-4306-b55c-d3b9908ed72c,CMS/NEFT/UTR202608000151RZP/RAZORPAY-PAYOUT/20260812,21da1bb3f277fd9ef435390e106737cad35aa33070ed0ddcb36459fdf1faf1e6,28068899,2026-08-12T21:00:00+00:00,UNMATCHED,2026-08-12T21:00:00+00:00,2026-08-12T21:00:00+00:00
aa44bb09-3d12-4f44-aee3-bdd0930f71fd,CMS/NEFT/UTR202608000152RZP/RAZORPAY-PAYOUT/20260813,c78314d1ab8d8480e0219cace28c50b23ab8ed1d39170ab07601b0b4e4fbd51b,30279577,2026-08-13T19:00:00+00:00,UNMATCHED,2026-08-13T19:00:00+00:00,2026-08-13T19:00:00+00:00
3cc63ff9-9ef6-44c9-ba2e-2d3522fe5dc5,CMS/NEFT/UTR202608000153RZP/RAZORPAY-PAYOUT/20260815,2783b76f544c73faaf61adaa0179f4dc934842ce403caccc01df0b1528e738e6,30105665,2026-08-15T03:00:00+00:00,UNMATCHED,2026-08-15T03:00:00+00:00,2026-08-15T03:00:00+00:00
310a3af7-404f-4952-a3d5-0be9d452d663,CMS/NEFT/UTR20260800015/RZP-SETTLEMENT/NOREF-4895,998cf160f7929a580147481e22fdc045e84c0f5d962f42ba50d25a30aab17734,24087871,2026-08-16T01:00:00+00:00,UNMATCHED,2026-08-16T01:00:00+00:00,2026-08-16T01:00:00+00:00
c324861b-6ede-4dbc-8856-4e1c941d6284,CMS/NEFT/UTR202608000155RZP/RAZORPAY-PAYOUT/20260816,12dd98f4aed36e99971c5d360604744009a28ec28634e1bc6b802ebeb010522b,23161354,2026-08-16T16:00:00+00:00,UNMATCHED,2026-08-16T16:00:00+00:00,2026-08-16T16:00:00+00:00
fa422c3c-01ef-44aa-b3b1-73067f3f1e7b,CMS/NEFT/UTR202608000156RZP/RAZORPAY-PAYOUT/20260817,a5a3f57d7154a27c07fb4c644d6c5e3b71910237f06ba1eca1d7deba563d9136,27929357,2026-08-17T23:00:00+00:00,UNMATCHED,2026-08-17T23:00:00+00:00,2026-08-17T23:00:00+00:00
3f9a971f-6d2c-4416-91fb-ab2e23b262a1,CMS/NEFT/UTR202608000157RZP/RAZORPAY-PAYOUT/20260818,e12f9d781d3c2e64d452b4e6586b9ad0bc33bf6ceef0710db52116023d1e9bc0,26335472,2026-08-18T19:00:00+00:00,UNMATCHED,2026-08-18T19:00:00+00:00,2026-08-18T19:00:00+00:00
20769a53-6d0e-4514-8436-99917c76bc88,CMS/NEFT/UTR202608000158RZP/RAZORPAY-PAYOUT/20260819,d15221e00c8e3b64811255f4fa31a76bc750b0a452b1b60a876e2d7691db382d,26272428,2026-08-19T22:00:00+00:00,UNMATCHED,2026-08-19T22:00:00+00:00,2026-08-19T22:00:00+00:00
a8e8343d-e6d0-49c3-89f4-7c084098d168,NEFT CR 202608000159 RAZORPAY SOFTWARE PRIVATE LTD SETTL,33c5699b4f53eb2bff716481a9cc0fc3c77865988c24f09ab81f9a198368fe58,25454029,2026-08-21T02:00:00+00:00,UNMATCHED,2026-08-21T02:00:00+00:00,2026-08-21T02:00:00+00:00
94029f15-6c9d-4ca3-ad05-a04d9e91d80b,CMS/NEFT/UTR202608000160RZP/RAZORPAY-PAYOUT/20260822,f7cb0553f3dfa6445af76e84ab5c34f11a62660a0d48f8ca7c1178afb1a5f5f4,22473266,2026-08-22T02:00:00+00:00,UNMATCHED,2026-08-22T02:00:00+00:00,2026-08-22T02:00:00+00:00
f9feb0f5-ebd4-421f-9e57-bf04c76a478d,CMS/NEFT/UTR202608000161RZP/RAZORPAY-PAYOUT/20260822,be37d30b0220a417789f47a93374f927405bafb1d31b19652113d74f6ac6c39d,32072807,2026-08-22T22:00:00+00:00,UNMATCHED,2026-08-22T22:00:00+00:00,2026-08-22T22:00:00+00:00
fd5076ac-f069-407b-9cfc-c8384f1ef311,CMS/NEFT/UTR202608000162RZP/RAZORPAY-PAYOUT/20260824,349f791999c2be4d9e7a342d954cd1b6caf81f0ca76190cd5bf71323841427ad,23830096,2026-08-24T02:00:00+00:00,UNMATCHED,2026-08-24T02:00:00+00:00,2026-08-24T02:00:00+00:00
f24f7e54-9b52-4d81-8c97-a05c55142a26,CMS/NEFT/UTR202608000163RZP/RAZORPAY-PAYOUT/20260825,ba3bbe4afcd31b584c61d4eb78060d8b2f5c2a3ca20f051d249683b2d392c3cd,20288218,2026-08-25T00:00:00+00:00,UNMATCHED,2026-08-25T00:00:00+00:00,2026-08-25T00:00:00+00:00
e231c136-0cdc-467f-8e59-c2689068ec7f,CMS/NEFT/UTR202608000164RZP/RAZORPAY-PAYOUT/20260826,caaedfaa4d799f1947bcbb919307c5f992241a0f1abbe09e50f84c992aeec442,21853035,2026-08-26T02:00:00+00:00,UNMATCHED,2026-08-26T02:00:00+00:00,2026-08-26T02:00:00+00:00
89ddef0a-071c-4eec-b46d-ed0db3e8a787,CMS/NEFT/UTR202608000165RZP/RAZORPAY-PAYOUT/20260826,d1548a527095a4de250f4e0b5b1cd922a830707ea97c47528ea800af5ea2771d,28411715,2026-08-26T20:00:00+00:00,UNMATCHED,2026-08-26T20:00:00+00:00,2026-08-26T20:00:00+00:00
9dbcc4b2-0086-43ee-8915-c2ec1c4dcfd9,CMS/NEFT/UTR20260800016/RZP-SETTLEMENT/NOREF-5867,965480f7cc617e9ff9c311fbea8f7029f652046bb01478a080c7e4edfdc5915b,20510052,2026-08-27T21:00:00+00:00,UNMATCHED,2026-08-27T21:00:00+00:00,2026-08-27T21:00:00+00:00
13d4a904-3b4e-4b03-8893-2b9847c97f0d,ACH-CR-AXIS000192-TXN-CMS-UTR202608000-MERCHANT-SETTLE-BATCH,9ffcb48b0877a117336f5b5eb264d1b1acf6a14d09da68d8c73647ac48974348,19155678,2026-08-28T19:00:00+00:00,UNMATCHED,2026-08-28T19:00:00+00:00,2026-08-28T19:00:00+00:00
59234aca-d7ba-4925-9ee0-89ce6866d5f9,CMS/NEFT/UTR202608000168RZP/RAZORPAY-PAYOUT/20260829,1bbf6ec0d49b345e978287e5d81ea395beb4b606e44724252fa51be81695cfc3,26763232,2026-08-29T22:00:00+00:00,UNMATCHED,2026-08-29T22:00:00+00:00,2026-08-29T22:00:00+00:00
ecbce5e1-2c3b-40f2-b914-7607b6c29212,CMS/NEFT/UTR202608000169RZP/RAZORPAY-PAYOUT/20260802,1f4f1e87a19c95ad7dea01959ebd8c594096ce77283c5721fdc8f02e7b405e3f,28857445,2026-08-02T17:00:00+00:00,UNMATCHED,2026-08-02T17:00:00+00:00,2026-08-02T17:00:00+00:00
7c5c5d81-9273-467d-bb06-7b2506b07b6f,CMS/NEFT/UTR202608000170RZP/RAZORPAY-PAYOUT/20260803,c851302e299dbe335b2b63f5ac5a10a3466f3ec5a59cccc0a73aa03235b7c6de,23107835,2026-08-03T21:00:00+00:00,UNMATCHED,2026-08-03T21:00:00+00:00,2026-08-03T21:00:00+00:00
08facdd3-d961-4170-8e74-83b73dcdd414,CMS/NEFT/UTR202608000171RZP/RAZORPAY-PAYOUT/20260804,d60afe0af1bd830227d8918915b2b12a1e509865c72176dbd4d6e110d860d2c6,33629572,2026-08-04T19:00:00+00:00,UNMATCHED,2026-08-04T19:00:00+00:00,2026-08-04T19:00:00+00:00
05ff513e-efbf-48c9-806c-25f9a90c39cb,CMS/NEFT/UTR202608000172RZP/RAZORPAY-PAYOUT/20260805,bd316fb92a9c62e951bc81ca71b3699a4a556b160c3213b0ad6f2feaa584aee4,27590468,2026-08-05T23:00:00+00:00,UNMATCHED,2026-08-05T23:00:00+00:00,2026-08-05T23:00:00+00:00
e59ab40e-3b60-42f0-a94f-6dd0c5b12c34,CMS/NEFT/UTR202608000173RZP/RAZORPAY-PAYOUT/20260807,cd81d81c8415e689912f1bb4041251b8a74d67b533240a4e44f2b6df75e0b0ea,16802118,2026-08-07T00:00:00+00:00,UNMATCHED,2026-08-07T00:00:00+00:00,2026-08-07T00:00:00+00:00
c3b2acf4-0d79-4931-a29d-08773a37a3fc,CMS/NEFT/UTR202608000174RZP/RAZORPAY-PAYOUT/20260808,53f6298b1d8457cddfd31328f79b7fa3c092a59b055f434be36736a3ef58c7b4,22686262,2026-08-08T02:00:00+00:00,UNMATCHED,2026-08-08T02:00:00+00:00,2026-08-08T02:00:00+00:00
6dbeeaac-f7be-4ca5-8bd6-49ef323dac10,CMS/NEFT/UTR202608000175RZP/RAZORPAY-PAYOUT/20260808,4349f7096d71630356b64a066520db3b4d85b77ea19e52798839aab2db53fab9,22483185,2026-08-08T17:00:00+00:00,UNMATCHED,2026-08-08T17:00:00+00:00,2026-08-08T17:00:00+00:00
c19174a3-9463-43c8-b154-33d63d99ae94,CMS/NEFT/UTR202608000176RZP/RAZORPAY-PAYOUT/20260809,c6e2f847e8c6e69e50010321889f93521fbc3ac35e3c3c2407cda6cde2336f4d,24221816,2026-08-09T21:00:00+00:00,UNMATCHED,2026-08-09T21:00:00+00:00,2026-08-09T21:00:00+00:00
a3ab23b7-98f2-453e-8afb-d04bebb23078,CMS/NEFT/UTR202608000177RZP/RAZORPAY-PAYOUT/20260810,5a64808047f59ed67ba9bc4be3b2cd35ec326674106c8436723782a2448895d2,25523653,2026-08-10T16:00:00+00:00,UNMATCHED,2026-08-10T16:00:00+00:00,2026-08-10T16:00:00+00:00
0fa43aea-fdad-4b95-ab82-b8b11f581dfa,CMS/NEFT/UTR202608000178RZP/RAZORPAY-PAYOUT/20260811,61c7a3702190f146d27243520f24aac99a5f5760cd3bb669c067cc2ff7619c54,22812842,2026-08-11T16:00:00+00:00,UNMATCHED,2026-08-11T16:00:00+00:00,2026-08-11T16:00:00+00:00
71309a3b-2976-4d8d-b530-4c1462b21a1d,CMS/NEFT/UTR202608000179RZP/RAZORPAY-PAYOUT/20260812,12a37e8e171bdbd6a7270bada681d24070588397f4954efbbe7cab0f9d7b9f66,21246454,2026-08-12T22:00:00+00:00,UNMATCHED,2026-08-12T22:00:00+00:00,2026-08-12T22:00:00+00:00
79a8d25c-0999-4d86-8c80-eeaa211cf3cd,CMS/NEFT/UTR202608000180RZP/RAZORPAY-PAYOUT/20260813,0a0d5ecdcffc8c44fc82f5bd0be8ff06f432a8def1e64502fd83d397435c5e02,31679713,2026-08-13T18:00:00+00:00,UNMATCHED,2026-08-13T18:00:00+00:00,2026-08-13T18:00:00+00:00
d118bf6a-f6d7-4453-9718-bf22762a386c,CMS/NEFT/UTR202608000181RZP/RAZORPAY-PAYOUT/20260814,0725bccc801d6b71d9f807823c13a9dbfe26275f15ba7e22813119f06574429a,22609077,2026-08-14T21:00:00+00:00,UNMATCHED,2026-08-14T21:00:00+00:00,2026-08-14T21:00:00+00:00
22f089d2-c474-43b6-907b-2333440fca77,CMS/NEFT/UTR202608000182RZP/RAZORPAY-PAYOUT/20260815,5ba61624a27dba575830a4ee272a74be01e66dd967d205775cc59f0edbbac336,24903422,2026-08-15T20:00:00+00:00,UNMATCHED,2026-08-15T20:00:00+00:00,2026-08-15T20:00:00+00:00
ad8c2372-417c-4cdb-b320-0c44c320cd6f,CMS/NEFT/UTR202608000183RZP/RAZORPAY-PAYOUT/20260816,1eb193a3003edbacf5bfe80bc7d5ce1cd5d64a483686743d7d0f38853c3f149a,28926774,2026-08-16T15:00:00+00:00,UNMATCHED,2026-08-16T15:00:00+00:00,2026-08-16T15:00:00+00:00
84e6deda-c825-4544-9d79-9453f6657498,CMS/NEFT/UTR202608000184RZP/RAZORPAY-PAYOUT/20260817,9e229dd14b12a95daed6772c73784cc1cb29d6a4fe771e6ffd2996730c0ab2d0,23490422,2026-08-17T16:00:00+00:00,UNMATCHED,2026-08-17T16:00:00+00:00,2026-08-17T16:00:00+00:00
612efcec-6fde-4fc9-99ec-f489c58be906,CMS/NEFT/UTR202608000185RZP/RAZORPAY-PAYOUT/20260818,a47de2563a7260f9c58f59a68669f2ba2dba88682a1c7c36503c31cd1a43bc88,25760217,2026-08-18T23:00:00+00:00,UNMATCHED,2026-08-18T23:00:00+00:00,2026-08-18T23:00:00+00:00
fb1f9763-9d40-41c3-94c2-3d744cfbd1c8,NEFT CR 202608000186 RAZORPAY SOFTWARE PRIVATE LTD SETTL,77543a82741c070e332a7cb017ebb4b7e140cfce4af7359cb95c57ea2c868dd2,26592953,2026-08-20T00:00:00+00:00,UNMATCHED,2026-08-20T00:00:00+00:00,2026-08-20T00:00:00+00:00
22a64545-0ef4-48f5-b757-9cd46b8ccaae,CMS/NEFT/UTR202608000187RZP/RAZORPAY-PAYOUT/20260820,e3f68507dcf0ae4934fbf834139e33de07e8a0df821a798de54c67c8a8cfe67e,22586786,2026-08-20T16:00:00+00:00,UNMATCHED,2026-08-20T16:00:00+00:00,2026-08-20T16:00:00+00:00
9d0ad836-4271-48ba-83ba-5acfbdcde709,CMS/NEFT/UTR202608000188RZP/RAZORPAY-PAYOUT/20260821,439cc661c46c6add8474eea8d067b6d5758811bc4e83ffff8c1fe845ea797d35,27624053,2026-08-21T16:00:00+00:00,UNMATCHED,2026-08-21T16:00:00+00:00,2026-08-21T16:00:00+00:00
22fea5c8-3e0e-46d0-b769-0e21d5ac746b,CMS/NEFT/UTR202608000189RZP/RAZORPAY-PAYOUT/20260822,c1e2d6a18a4618d6f5dbb3b8b2b6fa395f6f3e178532f4dcc5c03077ea4a1ccb,26613575,2026-08-22T21:00:00+00:00,UNMATCHED,2026-08-22T21:00:00+00:00,2026-08-22T21:00:00+00:00
333d4a2a-521f-4b46-9040-16b0e4787451,CMS/NEFT/UTR202608000190RZP/RAZORPAY-PAYOUT/20260823,a7f7af28b98913978929d5a3170ececb10dbb5671f832563cb25217e0a787b46,23410978,2026-08-23T16:00:00+00:00,UNMATCHED,2026-08-23T16:00:00+00:00,2026-08-23T16:00:00+00:00
cd30a4c4-8c27-48a3-bba3-fd1280a3c505,CMS/NEFT/UTR202608000191RZP/RAZORPAY-PAYOUT/20260824,8b44cd2bcba16574e76244b51fd2e67441bbc51c58daa0a478da1c21c4164cb1,24282307,2026-08-24T15:00:00+00:00,UNMATCHED,2026-08-24T15:00:00+00:00,2026-08-24T15:00:00+00:00
679cdc22-98e7-40b2-822f-2c884cd8350f,CMS/NEFT/UTR202608000192RZP/RAZORPAY-PAYOUT/20260825,b1078d4a7ea9fb404b5748d3f3ee4bca360d24bfaa34cd57f41dc967374c9f0a,22231498,2026-08-25T22:00:00+00:00,UNMATCHED,2026-08-25T22:00:00+00:00,2026-08-25T22:00:00+00:00
e3abd386-80fb-422c-9ba4-ed3fcd953d6d,CMS/NEFT/UTR202608000193RZP/RAZORPAY-PAYOUT/20260826,6ef0ddfd09fbb99a5aab38b38d01f992c068aee02d56ab45921aa3defd008f35,25949350,2026-08-26T22:00:00+00:00,UNMATCHED,2026-08-26T22:00:00+00:00,2026-08-26T22:00:00+00:00
b616f69e-60a0-47f8-b7a4-cd65fa68608d,CMS/NEFT/UTR202608000194RZP/RAZORPAY-PAYOUT/20260827,a8b508d3f9e3420a85a6c38ce1ef45981a88b2fed51a515d57858a4e02e54683,17881336,2026-08-27T22:00:00+00:00,UNMATCHED,2026-08-27T22:00:00+00:00,2026-08-27T22:00:00+00:00
9100b29a-f4ad-4855-91c8-4fbc26339e4f,CMS/NEFT/UTR202608000195RZP/RAZORPAY-PAYOUT/20260828,a178c4d83de3404e3aa9927890ddeada17eb497941db0f4da0ae681bd698dc01,22977131,2026-08-28T23:00:00+00:00,UNMATCHED,2026-08-28T23:00:00+00:00,2026-08-28T23:00:00+00:00
119bdb1b-337a-4e0d-b514-5453102efb2d,CMS/NEFT/UTR202608000196RZP/RAZORPAY-PAYOUT/20260829,7e3d6c5fba1602b292d3267b6c0d217d35781ed29ecd19a3cb998ad5dfe1cedb,22898669,2026-08-29T17:00:00+00:00,UNMATCHED,2026-08-29T17:00:00+00:00,2026-08-29T17:00:00+00:00
1d74dd9c-211f-4341-99de-e595c0e288be,CMS/NEFT/UTR202608000197RZP/RAZORPAY-PAYOUT/20260802,34dafd6955992c295c1105102ab6345c305fafdaf82c743245394394b094f084,24741097,2026-08-02T13:00:00+00:00,UNMATCHED,2026-08-02T13:00:00+00:00,2026-08-02T13:00:00+00:00
9e8b3fe0-24b4-442b-aa62-118c6ac6e966,CMS/NEFT/UTR202608000198RZP/RAZORPAY-PAYOUT/20260803,5d3d9f88ba43e607019b0cc8a1b96347e6ff2ff0895c39e9eefdc353f54679bb,30412344,2026-08-03T15:00:00+00:00,UNMATCHED,2026-08-03T15:00:00+00:00,2026-08-03T15:00:00+00:00
2a8db800-c8c8-44e1-8c55-ad88db91e9ad,CMS/NEFT/UTR202608000199RZP/RAZORPAY-PAYOUT/20260804,cce3166b107a69df5851cbb526eb0ff3841bee5539854c9ae73acef259a64c29,28867854,2026-08-04T17:00:00+00:00,UNMATCHED,2026-08-04T17:00:00+00:00,2026-08-04T17:00:00+00:00
ba71e50e-7372-4d7b-84e8-b575cd7e93de,CMS/NEFT/UTR202608000200RZP/RAZORPAY-PAYOUT/20260806,b33c6c79f88de08f55fd782ebfa5113b820c1933c7cb3012b6150768f901fda4,27685526,2026-08-06T02:00:00+00:00,UNMATCHED,2026-08-06T02:00:00+00:00,2026-08-06T02:00:00+00:00
bedf9461-3e63-4bc6-983d-ed395401fea1,NEFT CR 202608000201 RAZORPAY SOFTWARE PRIVATE LTD SETTL,6b2b0289cc7fef95af810115640e5e590c581e938fe14189b79727954416a685,26644508,2026-08-06T18:00:00+00:00,UNMATCHED,2026-08-06T18:00:00+00:00,2026-08-06T18:00:00+00:00
74cd67b4-3756-495b-a5f1-611687cf2b2c,CMS/NEFT/UTR202608000202RZP/RAZORPAY-PAYOUT/20260807,ccbc9aa80b3ce752a03884e7ccbc82cd5d30df0c6ac499760435970f4492df31,25228071,2026-08-07T20:00:00+00:00,UNMATCHED,2026-08-07T20:00:00+00:00,2026-08-07T20:00:00+00:00
062c4092-9a15-4c88-ad59-8a0a18cb2f98,CMS/NEFT/UTR202608000203RZP/RAZORPAY-PAYOUT/20260808,53fb298fd1c749a62d8bad41f1dc3601e904dec0b267511dd1119b346ed0db95,23960407,2026-08-08T23:00:00+00:00,UNMATCHED,2026-08-08T23:00:00+00:00,2026-08-08T23:00:00+00:00
ac471ce7-0bb4-4b55-9464-84b7c8bfbdd1,CMS/NEFT/UTR202608000204RZP/RAZORPAY-PAYOUT/20260809,fec874b4838ae7e0abacdebff449b96f6b79e62422f0a63fe7df4734ef2a5465,29034598,2026-08-09T14:00:00+00:00,UNMATCHED,2026-08-09T14:00:00+00:00,2026-08-09T14:00:00+00:00
d417675f-dd8d-4595-8b8a-13d4480a2558,CMS/NEFT/UTR202608000205RZP/RAZORPAY-PAYOUT/20260810,f1a846a56a2880554e89c664f5aef3de3cd678e9bbb3d80e52da33eb84f8c327,20500919,2026-08-10T18:00:00+00:00,UNMATCHED,2026-08-10T18:00:00+00:00,2026-08-10T18:00:00+00:00
58eb3460-d8fb-45c4-8636-d0f8df97bb3b,ACH-CR-AXIS000192-TXN-CMS-UTR202608000-MERCHANT-SETTLE-BATCH,9ffcb48b0877a117336f5b5eb264d1b1acf6a14d09da68d8c73647ac48974348,21266290,2026-08-11T17:00:00+00:00,UNMATCHED,2026-08-11T17:00:00+00:00,2026-08-11T17:00:00+00:00
0fdce84e-502d-49fd-8957-887081feaa5a,CMS/NEFT/UTR202608000207RZP/RAZORPAY-PAYOUT/20260812,b5dacf3f02ef900ae0ba04ea7e093fea37b8f28061f1447a2d6f5566c00f577c,26963167,2026-08-12T20:00:00+00:00,UNMATCHED,2026-08-12T20:00:00+00:00,2026-08-12T20:00:00+00:00
b122ab4e-e5fc-4659-b6f7-890d55b31fd6,CMS/NEFT/UTR202608000208RZP/RAZORPAY-PAYOUT/20260813,6710b4149c2386c8e7818b3ac83eaafbfef5210d9712d08a9c115b9a8b0b39ae,26208598,2026-08-13T16:00:00+00:00,UNMATCHED,2026-08-13T16:00:00+00:00,2026-08-13T16:00:00+00:00
25208043-58a5-4fad-bf15-9392e07d9855,CMS/NEFT/UTR202608000209RZP/RAZORPAY-PAYOUT/20260814,4def6ee04f0b0468780bd82b27b1e9a3089e07faaa0cee764f2bbda7e5d86f5c,28800587,2026-08-14T20:00:00+00:00,UNMATCHED,2026-08-14T20:00:00+00:00,2026-08-14T20:00:00+00:00
d200e05f-4008-4e16-834d-687f380dbbf4,NEFT CR 202608000210 RAZORPAY SOFTWARE PRIVATE LTD SETTL,b91ae4d21daca146a5af52b4a1e275d2e8d66c9ecfbbf3504405dc133d373f16,26562413,2026-08-15T20:00:00+00:00,UNMATCHED,2026-08-15T20:00:00+00:00,2026-08-15T20:00:00+00:00
b7f91695-6df5-4cb0-beff-6cc565735e78,CMS/NEFT/UTR202608000211RZP/RAZORPAY-PAYOUT/20260817,72d2c624a5ab51d6bcc7aaa433fcfef96410ba0a5bce053f5eb2b063a12c7575,34459755,2026-08-17T00:00:00+00:00,UNMATCHED,2026-08-17T00:00:00+00:00,2026-08-17T00:00:00+00:00
24dc1342-a41b-402d-a688-ca4e4290e85b,CMS/NEFT/UTR202608000212RZP/RAZORPAY-PAYOUT/20260818,9e83f3bb2673736fa023b92029b9ce9b3caa6a4c369d6d84c3c9ae7236d473d9,23716380,2026-08-18T01:00:00+00:00,UNMATCHED,2026-08-18T01:00:00+00:00,2026-08-18T01:00:00+00:00
99d6d152-8643-4bfe-9340-5a83a97a2297,NEFT CR 202608000213 RAZORPAY SOFTWARE PRIVATE LTD SETTL,c4287e5c751ac29112657844a47d13bda023ca531a53f4d8d45bfde6c78153eb,23765775,2026-08-18T18:00:00+00:00,UNMATCHED,2026-08-18T18:00:00+00:00,2026-08-18T18:00:00+00:00
45f62564-8563-44b3-842b-2e9fa07d3aa3,CMS/NEFT/UTR202608000214RZP/RAZORPAY-PAYOUT/20260819,d39ba4f0292f6ca224d2ea283b242abdb8a72ccc491c98bb1aa60c1c3a05cd44,28943468,2026-08-19T20:00:00+00:00,UNMATCHED,2026-08-19T20:00:00+00:00,2026-08-19T20:00:00+00:00
42c65dbb-ac56-48ba-a53d-e6becd7fdd88,CMS/NEFT/UTR202608000215RZP/RAZORPAY-PAYOUT/20260820,df500591bef40d82dba44174fccb60ddcd02d7ecb7184d53e62dd8310054a8a9,27319711,2026-08-20T16:00:00+00:00,UNMATCHED,2026-08-20T16:00:00+00:00,2026-08-20T16:00:00+00:00
29969f4f-d85d-4221-bb4e-acfc25b3b84c,CMS/NEFT/UTR202608000216RZP/RAZORPAY-PAYOUT/20260821,aad7c1cf8fc85f4523171f46b56f1f7bb9906b4daa86538d75f422c6ea7dd502,23708230,2026-08-21T18:00:00+00:00,UNMATCHED,2026-08-21T18:00:00+00:00,2026-08-21T18:00:00+00:00
5b244944-3c60-4312-bb4e-b6790d4cf554,CMS/NEFT/UTR202608000217RZP/RAZORPAY-PAYOUT/20260822,8d89f2805bac48d1d6f34520ad077ca68b11b1305934fc8060ed7d4c7bf63d97,28650600,2026-08-22T16:00:00+00:00,UNMATCHED,2026-08-22T16:00:00+00:00,2026-08-22T16:00:00+00:00
46507ca1-4d08-44fa-a264-cebd6a0bf489,CMS/NEFT/UTR202608000218RZP/RAZORPAY-PAYOUT/20260823,df202a5d21ba5d10a98b53d29a5260cf29a8f6caaacdfac83619a04d643d3be3,31911268,2026-08-23T14:00:00+00:00,UNMATCHED,2026-08-23T14:00:00+00:00,2026-08-23T14:00:00+00:00
c4d44c94-0370-41bb-b67d-1987c0b6e511,NEFT CR 202608000219 RAZORPAY SOFTWARE PRIVATE LTD SETTL,d143464c12ef9786bb205eb015bbb3507bd179a56b0b456a2fb0c88fc5ebab13,23741028,2026-08-24T20:00:00+00:00,UNMATCHED,2026-08-24T20:00:00+00:00,2026-08-24T20:00:00+00:00
4a140962-d254-4c2b-a3a7-06dce7cf2620,CMS/NEFT/UTR202608000220RZP/RAZORPAY-PAYOUT/20260825,14b9f66357970be5d3bf1925abaf19a4ef2a6aeca8bf2522e8e9395bed048c71,20202490,2026-08-25T16:00:00+00:00,UNMATCHED,2026-08-25T16:00:00+00:00,2026-08-25T16:00:00+00:00
260ecd39-dc6a-465b-80a9-93b8f2f82007,CMS/NEFT/UTR202608000221RZP/RAZORPAY-PAYOUT/20260826,05eb0fa8039f8b2fe899f247e973f13b30f9afe7650a408c6cdd8ad11fec53e9,20704193,2026-08-26T21:00:00+00:00,UNMATCHED,2026-08-26T21:00:00+00:00,2026-08-26T21:00:00+00:00
3098415a-9cf5-47dc-b701-2f288b311eee,CMS/NEFT/UTR202608000222RZP/RAZORPAY-PAYOUT/20260827,7fd4cc69ab79b29eae2ab9d488d3a152ef9963545dce856a09521d641a74788e,23268097,2026-08-27T15:00:00+00:00,UNMATCHED,2026-08-27T15:00:00+00:00,2026-08-27T15:00:00+00:00
08750b1b-e37f-469c-8dcc-046712ceafb0,CMS/NEFT/UTR202608000223RZP/RAZORPAY-PAYOUT/20260828,64256746b50fc54a460229a58fdbe8f86af8834fcde24ba2f206787beb6ceebb,32510681,2026-08-28T15:00:00+00:00,UNMATCHED,2026-08-28T15:00:00+00:00,2026-08-28T15:00:00+00:00
e31ca27d-4c73-4b0c-a9d3-c35767a2c630,CMS/NEFT/UTR202608000224RZP/RAZORPAY-PAYOUT/20260829,4ffee395c8f3764191ca5f2277a55051f07a0ec57799af2d92fdfe561602b5cb,27781173,2026-08-29T15:00:00+00:00,UNMATCHED,2026-08-29T15:00:00+00:00,2026-08-29T15:00:00+00:00
a13f4169-4607-4036-b26b-923b1eb8581f,CMS/NEFT/UTR202608000225RZP/RAZORPAY-PAYOUT/20260802,c4a0f767ac0dcebbebb0820b3ebc4b1662eb1c668ffcdc8eb601e596fedcf295,29274402,2026-08-02T20:00:00+00:00,UNMATCHED,2026-08-02T20:00:00+00:00,2026-08-02T20:00:00+00:00
f24f23cc-801c-44ee-81b0-f167cbdc745c,CMS/NEFT/UTR202608000226RZP/RAZORPAY-PAYOUT/20260803,c18e13d95e709039406f9ac73c77c1c938969eee583d586ea90d57da6d794641,26096846,2026-08-03T21:00:00+00:00,UNMATCHED,2026-08-03T21:00:00+00:00,2026-08-03T21:00:00+00:00
87d73088-e267-421d-b601-e7bc5376e696,CMS/NEFT/UTR202608000227RZP/RAZORPAY-PAYOUT/20260804,0aadeb3e6b405367c12f271c31afe92a298c5f43b9d6a3984ed2d71d3d647181,26241299,2026-08-04T21:00:00+00:00,UNMATCHED,2026-08-04T21:00:00+00:00,2026-08-04T21:00:00+00:00
1c92b6ed-9e11-48a9-97c1-c238a6c1121d,CMS/NEFT/UTR202608000228RZP/RAZORPAY-PAYOUT/20260805,c248f1df6548f8bc91c53922fb825c7df383e252c3f2b493b5b95a67a6713219,26847291,2026-08-05T18:00:00+00:00,UNMATCHED,2026-08-05T18:00:00+00:00,2026-08-05T18:00:00+00:00
35539171-9425-463b-85a4-5b81f862d637,CMS/NEFT/UTR202608000229RZP/RAZORPAY-PAYOUT/20260807,43b8ec28f0ee0fb3d0e8733f78dced3ce42c9e5df98174868fd793b84068eda5,20407040,2026-08-07T00:00:00+00:00,UNMATCHED,2026-08-07T00:00:00+00:00,2026-08-07T00:00:00+00:00
6fdaed17-2fa6-472d-a9c3-0da755ae0e26,CMS/NEFT/UTR202608000230RZP/RAZORPAY-PAYOUT/20260808,289dd0524bfcbf53090ebfeaf307a92d1020ff6fc22a94a896eec742a778ee07,24414981,2026-08-08T02:00:00+00:00,UNMATCHED,2026-08-08T02:00:00+00:00,2026-08-08T02:00:00+00:00
f9898b56-2f20-41a6-a403-ec17cd694106,CMS/NEFT/UTR202608000231RZP/RAZORPAY-PAYOUT/20260808,e3cbadfd153e8a58cda0f4836c04e757739cd28a59aaf883cf33d532258b255c,25809513,2026-08-08T23:00:00+00:00,UNMATCHED,2026-08-08T23:00:00+00:00,2026-08-08T23:00:00+00:00
1723f951-90d5-4037-a2a4-1d222817eb48,CMS/NEFT/UTR202608000232RZP/RAZORPAY-PAYOUT/20260809,b0de08fc904453e75084fc89f48619bde80e2349c567c913efbff6011d4a12c5,25493604,2026-08-09T23:00:00+00:00,UNMATCHED,2026-08-09T23:00:00+00:00,2026-08-09T23:00:00+00:00
89f98ffe-4f77-440c-8eef-92640ab826bd,CMS/NEFT/UTR202608000233RZP/RAZORPAY-PAYOUT/20260810,3439b6551120ce6a8aa66dae831c561887a093c9dbef554fe9939cb93fbcf189,25026663,2026-08-10T21:00:00+00:00,UNMATCHED,2026-08-10T21:00:00+00:00,2026-08-10T21:00:00+00:00
ed2bb970-35b0-4b02-9b30-1337425b1c07,CMS/NEFT/UTR202608000234RZP/RAZORPAY-PAYOUT/20260811,851b122b7915311a701825424eb1620dcad6e508a6c481347d0e3206171316b2,25293865,2026-08-11T15:00:00+00:00,UNMATCHED,2026-08-11T15:00:00+00:00,2026-08-11T15:00:00+00:00
3662dc3b-1a05-482b-b252-b4453e658c29,CMS/NEFT/UTR202608000235RZP/RAZORPAY-PAYOUT/20260812,3b851fc4d739e957ebc027db445944c75b1561a5ca2dfe1b2e027e402b647d5f,23640275,2026-08-12T14:00:00+00:00,UNMATCHED,2026-08-12T14:00:00+00:00,2026-08-12T14:00:00+00:00
74d28293-9d00-45b7-8fe5-9ffa7b4bb2d7,CMS/NEFT/UTR202608000236RZP/RAZORPAY-PAYOUT/20260813,e49d7ff25d5c2f6a7db8544ec108641a59e277f47df1d4fa2b106c8f7e637cbf,29664060,2026-08-13T21:00:00+00:00,UNMATCHED,2026-08-13T21:00:00+00:00,2026-08-13T21:00:00+00:00
b5ed7730-878f-4530-aa7f-108e093fc3b1,CMS/NEFT/UTR202608000237RZP/RAZORPAY-PAYOUT/20260814,975a9c2eb405602258f15bc964dccfaf3daf970152dec0c6ddbbb1b8d596103c,25492033,2026-08-14T14:00:00+00:00,UNMATCHED,2026-08-14T14:00:00+00:00,2026-08-14T14:00:00+00:00
5d1823ff-a860-431a-8dac-adb82e16d6c8,CMS/NEFT/UTR202608000238RZP/RAZORPAY-PAYOUT/20260815,7f7b72ccd7afb05a94b40ea1965c82b74a84d21db60a8b9023ab639f9d0574e0,25495470,2026-08-15T23:00:00+00:00,UNMATCHED,2026-08-15T23:00:00+00:00,2026-08-15T23:00:00+00:00
dfe4fda7-fd8f-40ca-a8c9-bf539eb7bde1,CMS/NEFT/UTR202608000239RZP/RAZORPAY-PAYOUT/20260816,7e879460b9451d6463793eb1ed622b5a9bc7119c955f7fa0141f7deb8e706c50,26542871,2026-08-16T16:00:00+00:00,UNMATCHED,2026-08-16T16:00:00+00:00,2026-08-16T16:00:00+00:00
564d0406-3ad6-4c6d-9ce2-ff0f73d56d62,CMS/NEFT/UTR202608000240RZP/RAZORPAY-PAYOUT/20260817,0b35bf01eb65d3cd93c24546efcbc4e9494a27252a0d7b01026b384bcd1820e9,26138090,2026-08-17T16:00:00+00:00,UNMATCHED,2026-08-17T16:00:00+00:00,2026-08-17T16:00:00+00:00
b1ca6a9c-333a-489c-898b-52ff1e7aebb2,CMS/NEFT/UTR202608000241RZP/RAZORPAY-PAYOUT/20260818,48504d74a2ba58527b9ae996d1774640555e2874de3896f3ab41ba7c3397c15f,21427927,2026-08-18T16:00:00+00:00,UNMATCHED,2026-08-18T16:00:00+00:00,2026-08-18T16:00:00+00:00
70cb9598-33f9-4b44-89c1-f88ff4b95b3a,ACH-CR-AXIS000192-TXN-CMS-UTR202608000-MERCHANT-SETTLE-BATCH,9ffcb48b0877a117336f5b5eb264d1b1acf6a14d09da68d8c73647ac48974348,22474936,2026-08-19T19:00:00+00:00,UNMATCHED,2026-08-19T19:00:00+00:00,2026-08-19T19:00:00+00:00
ccaaf0ed-aeb0-40e5-bc59-3b0abd556ee8,NEFT CR 202608000243 RAZORPAY SOFTWARE PRIVATE LTD SETTL,2cb917cd250a7c888a1e62cfaee5e5fc426cca3af6f4a45d2b8548a608d5d59b,22469731,2026-08-20T12:00:00+00:00,UNMATCHED,2026-08-20T12:00:00+00:00,2026-08-20T12:00:00+00:00
c62cff4c-0e9f-4cb8-a54f-366c970de191,CMS/NEFT/UTR202608000244RZP/RAZORPAY-PAYOUT/20260821,4e36d46b85d48f9b84c7594b7f801a236ebe32687fa6a5d7c52f6c57e05cbf2f,29219115,2026-08-21T16:00:00+00:00,UNMATCHED,2026-08-21T16:00:00+00:00,2026-08-21T16:00:00+00:00
3f941f29-6da9-4abe-9b86-ddbebdf421f8,CMS/NEFT/UTR202608000245RZP/RAZORPAY-PAYOUT/20260822,d715bd4fdd0b5f8a5b6675a2cb91c2186ffb2f4b01fcbe074529f2a677515e47,26183950,2026-08-22T23:00:00+00:00,UNMATCHED,2026-08-22T23:00:00+00:00,2026-08-22T23:00:00+00:00
608a5b91-4778-46b8-baa1-98bd7d902d8b,CMS/NEFT/UTR202608000246RZP/RAZORPAY-PAYOUT/20260823,0c1923463082132df1e9d6aab2b6f26baad08af2494af152f9bcb68a3f9e20b4,19533453,2026-08-23T13:00:00+00:00,UNMATCHED,2026-08-23T13:00:00+00:00,2026-08-23T13:00:00+00:00
bd78c0aa-eb18-4703-9a62-61e0d61f16cc,CMS/NEFT/UTR20260800024/RZP-SETTLEMENT/NOREF-6091,39bf1587d3140575a4bbcef33ac2d2c9afeec07387f053b46d35db4c3442bbd0,29927530,2026-08-25T02:00:00+00:00,UNMATCHED,2026-08-25T02:00:00+00:00,2026-08-25T02:00:00+00:00
bc0a7a71-90dc-4c3d-9e95-7f2c2584f77b,ACH-CR-AXIS000192-TXN-CMS-UTR202608000-MERCHANT-SETTLE-BATCH,9ffcb48b0877a117336f5b5eb264d1b1acf6a14d09da68d8c73647ac48974348,25521100,2026-08-25T21:00:00+00:00,UNMATCHED,2026-08-25T21:00:00+00:00,2026-08-25T21:00:00+00:00
d5b14c00-42f7-4243-abf6-558df9f986d6,CMS/NEFT/UTR202608000249RZP/RAZORPAY-PAYOUT/20260826,48e65166b9460f3144a4553a0f0d5964eef2ed8017ede409117b55f66ac2bce6,25355240,2026-08-26T20:00:00+00:00,UNMATCHED,2026-08-26T20:00:00+00:00,2026-08-26T20:00:00+00:00
6e723d3c-ba43-4aab-9a90-9f3a26968066,CMS/NEFT/UTR202608000250RZP/RAZORPAY-PAYOUT/20260827,3fbfa19c2da42e8895da92acf0932e85045e7d8e18685ab976e650e1b780497e,27565035,2026-08-27T16:00:00+00:00,UNMATCHED,2026-08-27T16:00:00+00:00,2026-08-27T16:00:00+00:00
438cd3cb-c108-4fdc-bd81-ef42aeb77534,CMS/NEFT/UTR202608000251RZP/RAZORPAY-PAYOUT/20260828,7408d07176a515acf30e87361eef447dbd1df703746752d66256aead1eb15174,15378611,2026-08-28T14:00:00+00:00,UNMATCHED,2026-08-28T14:00:00+00:00,2026-08-28T14:00:00+00:00
28611217-aebf-4075-8bb3-fd39e576c065,CMS/NEFT/UTR202608000252RZP/RAZORPAY-PAYOUT/20260829,da80eb11453d05e823e85359e2d973e15a2d265f030e4169bb7de42ade76ea8f,29695287,2026-08-29T18:00:00+00:00,UNMATCHED,2026-08-29T18:00:00+00:00,2026-08-29T18:00:00+00:00
a66acb26-49e9-47c8-8427-8d3bb3c70b57,CMS/NEFT/UTR202608000253RZP/RAZORPAY-PAYOUT/20260803,9c91a1e3fe20e6bc376a49cdfe5086e4f8020a03c017de668f1859e86aa966af,29886581,2026-08-03T00:00:00+00:00,UNMATCHED,2026-08-03T00:00:00+00:00,2026-08-03T00:00:00+00:00
9847b6ff-6c03-4067-a7ab-9a98b597b567,CMS/NEFT/UTR202608000254RZP/RAZORPAY-PAYOUT/20260803,de3651d08229bf1041ea89a9f953bea2a2a47b00d633dadf4e0230fa44c313c8,22013396,2026-08-03T22:00:00+00:00,UNMATCHED,2026-08-03T22:00:00+00:00,2026-08-03T22:00:00+00:00
526769f3-fefe-498b-bd25-60636abf97ba,NEFT CR 202608000255 RAZORPAY SOFTWARE PRIVATE LTD SETTL,e5d412c290dc0075972b346a47ea74d98e8f59e6b1b5b94c0677a3e3033afab2,23170192,2026-08-04T18:00:00+00:00,UNMATCHED,2026-08-04T18:00:00+00:00,2026-08-04T18:00:00+00:00
4d486290-4815-4d4c-a06c-1655816a4033,CMS/NEFT/UTR202608000256RZP/RAZORPAY-PAYOUT/20260805,d319dfe9cd852c97cd8aa05f3a0a0ba954adaf56c3d370587ac85b1eec923c7f,25584832,2026-08-05T18:00:00+00:00,UNMATCHED,2026-08-05T18:00:00+00:00,2026-08-05T18:00:00+00:00
31de3fc5-b5a6-47bd-bff1-1f8e25ec65d2,CMS/NEFT/UTR202608000257RZP/RAZORPAY-PAYOUT/20260807,f6fa18b83bf2c7aba263a6bc90c1727a955d7795b877369f21bdd4bc1fd9782a,15590428,2026-08-07T00:00:00+00:00,UNMATCHED,2026-08-07T00:00:00+00:00,2026-08-07T00:00:00+00:00
8e3e92eb-6517-451b-b64b-3a4248b95411,CMS/NEFT/UTR202608000258RZP/RAZORPAY-PAYOUT/20260807,b8a5a24be85998bdb60b4f38e605655488acf115d2c3b46655378a9a44835e7f,25746567,2026-08-07T15:00:00+00:00,UNMATCHED,2026-08-07T15:00:00+00:00,2026-08-07T15:00:00+00:00
7fd9f9a6-4519-4312-b2cb-17483be5a04d,CMS/NEFT/UTR202608000259RZP/RAZORPAY-PAYOUT/20260808,c67ee1e701dc93644e9054ed4799c22287e894d73c116e92e1b88111bc9677f7,24595485,2026-08-08T20:00:00+00:00,UNMATCHED,2026-08-08T20:00:00+00:00,2026-08-08T20:00:00+00:00
3676f94b-e9af-4be3-bd4f-ffa60dcb3046,ACH-CR-AXIS000192-TXN-CMS-UTR202608000-MERCHANT-SETTLE-BATCH,9ffcb48b0877a117336f5b5eb264d1b1acf6a14d09da68d8c73647ac48974348,23997036,2026-08-10T02:00:00+00:00,UNMATCHED,2026-08-10T02:00:00+00:00,2026-08-10T02:00:00+00:00
00df555c-034d-4744-bb30-aea3b52e698f,CMS/NEFT/UTR202608000261RZP/RAZORPAY-PAYOUT/20260810,b56c9acd7dabba7b95174e6d8c1b7d79a79b2bd26687f33aea31cb4d1af966f9,22732711,2026-08-10T18:00:00+00:00,UNMATCHED,2026-08-10T18:00:00+00:00,2026-08-10T18:00:00+00:00
1c8cac40-8436-48fa-84fe-5543a05f586d,CMS/NEFT/UTR202608000262RZP/RAZORPAY-PAYOUT/20260811,3902714800bb6aa03a77c9cb97d33d57b09745b07c9081af21a9abd9a7523f94,25246140,2026-08-11T14:00:00+00:00,UNMATCHED,2026-08-11T14:00:00+00:00,2026-08-11T14:00:00+00:00
8e0d0e2e-afa6-4286-aa58-a5ded9b5ec7e,CMS/NEFT/UTR202608000263RZP/RAZORPAY-PAYOUT/20260812,027b20bc10e4578db5009cb0fd5300ba76496fdb45fab963ab74e6e100789ad3,25341296,2026-08-12T18:00:00+00:00,UNMATCHED,2026-08-12T18:00:00+00:00,2026-08-12T18:00:00+00:00
3c3cbcb5-be58-4946-b30b-e56728d162db,CMS/NEFT/UTR202608000264RZP/RAZORPAY-PAYOUT/20260813,3c866c0fd76f73d9c9bf46f363273a0c53363e0c38535472cdfeea5918b21bd8,26269875,2026-08-13T18:00:00+00:00,UNMATCHED,2026-08-13T18:00:00+00:00,2026-08-13T18:00:00+00:00
c8359d5b-c4ec-4b57-b101-8353277bf7b2,CMS/NEFT/UTR202608000265RZP/RAZORPAY-PAYOUT/20260814,cdbacbe3b4737baefc8ef8f8e39608211d8300b28c45ba7939c760d4cb95f452,25809710,2026-08-14T19:00:00+00:00,UNMATCHED,2026-08-14T19:00:00+00:00,2026-08-14T19:00:00+00:00
a9d60d54-149e-48f1-9b94-f9ac17529728,ACH-CR-AXIS000192-TXN-CMS-UTR202608000-MERCHANT-SETTLE-BATCH,9ffcb48b0877a117336f5b5eb264d1b1acf6a14d09da68d8c73647ac48974348,25499103,2026-08-15T15:00:00+00:00,UNMATCHED,2026-08-15T15:00:00+00:00,2026-08-15T15:00:00+00:00
c7b9ba6b-b02a-4f51-b626-315b01b92c13,CMS/NEFT/UTR202608000267RZP/RAZORPAY-PAYOUT/20260817,e6b9cab83bb4e1f340ce4d080bc0c4933ee150d89334cb2926e88adb07602408,21151985,2026-08-17T01:00:00+00:00,UNMATCHED,2026-08-17T01:00:00+00:00,2026-08-17T01:00:00+00:00
a7c63388-d84f-4dae-b38a-2bfdd41ca2b6,CMS/NEFT/UTR202608000268RZP/RAZORPAY-PAYOUT/20260817,68f2062873a4dbcff9d7cd40ef4afb77dd2881a6483e10f909ac6c2afa99ba6a,19693421,2026-08-17T18:00:00+00:00,UNMATCHED,2026-08-17T18:00:00+00:00,2026-08-17T18:00:00+00:00
f58b8b45-df69-439c-9f8d-bcc9df31ed88,ACH-CR-AXIS000192-TXN-CMS-UTR202608000-MERCHANT-SETTLE-BATCH,9ffcb48b0877a117336f5b5eb264d1b1acf6a14d09da68d8c73647ac48974348,18125658,2026-08-18T16:00:00+00:00,UNMATCHED,2026-08-18T16:00:00+00:00,2026-08-18T16:00:00+00:00
3c461725-beee-4e8c-9b1a-08db23dc1fc4,CMS/NEFT/UTR202608000270RZP/RAZORPAY-PAYOUT/20260819,e279f6cff8ef3f4f8cb1aac8eb515dce505c13d79b7acb9274597ef797c9f514,23521355,2026-08-19T19:00:00+00:00,UNMATCHED,2026-08-19T19:00:00+00:00,2026-08-19T19:00:00+00:00
36745910-7fea-46eb-8c86-82f14c063ad9,CMS/NEFT/UTR202608000271RZP/RAZORPAY-PAYOUT/20260820,5c97e156a21556030d09f306a4d3b03a5b2b77ee1d451032e4b1f9ce45806dd5,26758616,2026-08-20T20:00:00+00:00,UNMATCHED,2026-08-20T20:00:00+00:00,2026-08-20T20:00:00+00:00
935eb51f-93a6-46a7-b609-9e40dedf39d5,CMS/NEFT/UTR202608000272RZP/RAZORPAY-PAYOUT/20260821,d8efb82d638450a5fac23797eb9f078fe0d7c56c42e9d97b654ebdc4a0da7eb6,28874335,2026-08-21T18:00:00+00:00,UNMATCHED,2026-08-21T18:00:00+00:00,2026-08-21T18:00:00+00:00
f60267c0-98e9-4669-a549-2bc9404a875c,CMS/NEFT/UTR202608000273RZP/RAZORPAY-PAYOUT/20260823,9a1868a5e310ebbf9c07f4373dbbc737a95f5e6ab915d8acd1e7ca115faa86ae,20915618,2026-08-23T00:00:00+00:00,UNMATCHED,2026-08-23T00:00:00+00:00,2026-08-23T00:00:00+00:00
9b8b63a9-933b-42bc-983f-79010da83ab2,CMS/NEFT/UTR202608000274RZP/RAZORPAY-PAYOUT/20260823,b6b2bc9775b9d6afe213e4b1f54be6db3878fb5746fe2d7340e384093468fef4,19558298,2026-08-23T18:00:00+00:00,UNMATCHED,2026-08-23T18:00:00+00:00,2026-08-23T18:00:00+00:00
40904af5-a7d5-40e7-ae72-e36397672b39,CMS/NEFT/UTR202608000275RZP/RAZORPAY-PAYOUT/20260824,b4a3429cf63e2f97bc6b85ccf025da767cf869d60110780303abb5e6527b823d,25919399,2026-08-24T18:00:00+00:00,UNMATCHED,2026-08-24T18:00:00+00:00,2026-08-24T18:00:00+00:00
4412bf8e-2fcd-4a91-812a-40320c0409ba,CMS/NEFT/UTR202608000276RZP/RAZORPAY-PAYOUT/20260825,33b4a4b62233666daa0075407b9bbbf47a477bdc1d8b3f3b8d8318108623088d,28786643,2026-08-25T15:00:00+00:00,UNMATCHED,2026-08-25T15:00:00+00:00,2026-08-25T15:00:00+00:00
599ba831-c854-43e2-a058-23f4ca1dd5ce,CMS/NEFT/UTR20260800027/RZP-SETTLEMENT/NOREF-8885,4eca701d46f4247d76afa20569c142e206031a0084d0957f6f02eae7c692d7ff,28281305,2026-08-26T22:00:00+00:00,UNMATCHED,2026-08-26T22:00:00+00:00,2026-08-26T22:00:00+00:00
165799f6-6f6a-4361-87fa-82e7902173fd,ACH-CR-AXIS000192-TXN-CMS-UTR202608000-MERCHANT-SETTLE-BATCH,9ffcb48b0877a117336f5b5eb264d1b1acf6a14d09da68d8c73647ac48974348,22540042,2026-08-27T23:00:00+00:00,UNMATCHED,2026-08-27T23:00:00+00:00,2026-08-27T23:00:00+00:00
97632011-9509-4ce4-ad00-40a6be575d52,CMS/NEFT/UTR202608000279RZP/RAZORPAY-PAYOUT/20260828,b687ddc7124f77b6d564085b96e05c362cfd0b2d01367c1618932f29602faf74,22527964,2026-08-28T13:00:00+00:00,UNMATCHED,2026-08-28T13:00:00+00:00,2026-08-28T13:00:00+00:00
7e236c08-2b51-49c3-a69c-8957f08c9bbb,CMS/NEFT/UTR202608000280RZP/RAZORPAY-PAYOUT/20260829,487351dc52a9a514afc0fdfe2034bd223b69c72898e4445c7f633940a3c06550,19311306,2026-08-29T23:00:00+00:00,UNMATCHED,2026-08-29T23:00:00+00:00,2026-08-29T23:00:00+00:00
418f9ccb-8446-4761-878e-cc61f8e65409,CMS/NEFT/UTR202608000281RZP/RAZORPAY-PAYOUT/20260802,177b00dca82b556febb72e1a97f9f06dda44ae993a22de8cd93cc82f65615d90,25662115,2026-08-02T17:00:00+00:00,UNMATCHED,2026-08-02T17:00:00+00:00,2026-08-02T17:00:00+00:00
8564dac6-5ed5-4bb2-92c4-a9d9c6d47a31,CMS/NEFT/UTR202608000282RZP/RAZORPAY-PAYOUT/20260803,61a2df2495f5997d286ce835fea29cf4693cc2682ed311e1cd28bcc11f6979a6,28084120,2026-08-03T18:00:00+00:00,UNMATCHED,2026-08-03T18:00:00+00:00,2026-08-03T18:00:00+00:00
3ee9223d-77a8-4d2e-bc55-42872844f62d,CMS/NEFT/UTR202608000283RZP/RAZORPAY-PAYOUT/20260804,76075061fb19b8dfd5b15212902a5fc5ff99a609950bac716a12a373d05f689d,24140702,2026-08-04T14:00:00+00:00,UNMATCHED,2026-08-04T14:00:00+00:00,2026-08-04T14:00:00+00:00
cbdd8608-a2f1-49d6-b0ce-3c33702c5b1f,CMS/NEFT/UTR202608000284RZP/RAZORPAY-PAYOUT/20260805,fdda5e8073921c21462e13b76852cd0a707f7c0b21a78423dc799badaaf837b9,31217878,2026-08-05T14:00:00+00:00,UNMATCHED,2026-08-05T14:00:00+00:00,2026-08-05T14:00:00+00:00
796b49c2-40a5-4c69-a08a-e1d999dbfe5f,CMS/NEFT/UTR202608000285RZP/RAZORPAY-PAYOUT/20260806,7f2e2573ad89d25cb8e11f363c8e65862f03f829a8403b4e31ab742ce8443aa4,18427132,2026-08-06T16:00:00+00:00,UNMATCHED,2026-08-06T16:00:00+00:00,2026-08-06T16:00:00+00:00
5d654204-1d2a-42d4-b50e-e1ec5cbefd72,CMS/NEFT/UTR20260800028/RZP-SETTLEMENT/NOREF-3679,9c4e71a4d46b803a958d5338840a39f7ba42ad33604023fb40eebb6f4d7935b5,22942368,2026-08-07T16:00:00+00:00,UNMATCHED,2026-08-07T16:00:00+00:00,2026-08-07T16:00:00+00:00
a9c73bb7-4a2b-4912-a5df-55211eef227f,ACH-CR-AXIS000192-TXN-CMS-UTR202608000-MERCHANT-SETTLE-BATCH,9ffcb48b0877a117336f5b5eb264d1b1acf6a14d09da68d8c73647ac48974348,23756839,2026-08-08T20:00:00+00:00,UNMATCHED,2026-08-08T20:00:00+00:00,2026-08-08T20:00:00+00:00
3b69d7b2-fec8-4360-b5b8-494042bb58b7,CMS/NEFT/UTR202608000288RZP/RAZORPAY-PAYOUT/20260810,57ec87825d2c9114eb209b789ef2d158eac5489df0b691f2e31f75d0e96431f5,24188178,2026-08-10T02:00:00+00:00,UNMATCHED,2026-08-10T02:00:00+00:00,2026-08-10T02:00:00+00:00
a622c29f-15c4-4107-8c73-5a2872a0a395,CMS/NEFT/UTR202608000289RZP/RAZORPAY-PAYOUT/20260811,b16d3c37d360d57e564f19212885c1b897746e730b79c2ef2b1311a1dd0c3c19,24536547,2026-08-11T00:00:00+00:00,UNMATCHED,2026-08-11T00:00:00+00:00,2026-08-11T00:00:00+00:00
16432c30-ca0e-4218-bfe1-e881a223dcfb,ACH-CR-AXIS000192-TXN-CMS-UTR202608000-MERCHANT-SETTLE-BATCH,9ffcb48b0877a117336f5b5eb264d1b1acf6a14d09da68d8c73647ac48974348,24034155,2026-08-11T19:00:00+00:00,UNMATCHED,2026-08-11T19:00:00+00:00,2026-08-11T19:00:00+00:00
f3fc8eef-1eee-4330-8c2b-1419d5615b40,NEFT CR 202608000291 RAZORPAY SOFTWARE PRIVATE LTD SETTL,c27ffdf091497a8324dbc600e34157cdfaa75cbb66539c143be419a8079f6ee2,27809749,2026-08-12T15:00:00+00:00,UNMATCHED,2026-08-12T15:00:00+00:00,2026-08-12T15:00:00+00:00
835934fe-1d9b-45f7-94b5-80637e996121,CMS/NEFT/UTR202608000292RZP/RAZORPAY-PAYOUT/20260813,73f540d29384827fd59ef7d03c183e0a95db7708bbecd87ee6aa4653aba90eb0,27572694,2026-08-13T23:00:00+00:00,UNMATCHED,2026-08-13T23:00:00+00:00,2026-08-13T23:00:00+00:00
a7a84921-d87a-4676-a20e-4c91c5c91862,CMS/NEFT/UTR202608000293RZP/RAZORPAY-PAYOUT/20260814,0112e255513ab5fca9dcc0bc87b802cb6778d5d5091b9b972783a260c116bffa,21296830,2026-08-14T22:00:00+00:00,UNMATCHED,2026-08-14T22:00:00+00:00,2026-08-14T22:00:00+00:00
d7eac23f-a3f9-4649-9c82-7e1740f9faf8,CMS/NEFT/UTR202608000294RZP/RAZORPAY-PAYOUT/20260815,6bc9145688f80da0c8756ac38b426df62a0e7098216af28e0ad7900a4ed5f2df,26453902,2026-08-15T19:00:00+00:00,UNMATCHED,2026-08-15T19:00:00+00:00,2026-08-15T19:00:00+00:00
3ada4dfa-58aa-427a-9991-cd9b1e08ec8c,CMS/NEFT/UTR202608000295RZP/RAZORPAY-PAYOUT/20260816,e89e04a0da2352d0cc97c2e4f2485d9ee127960851ee2bdd97b975aa44971431,28191158,2026-08-16T17:00:00+00:00,UNMATCHED,2026-08-16T17:00:00+00:00,2026-08-16T17:00:00+00:00
6c18eea4-51bb-4d47-b05c-3c6ccf1b911a,ACH-CR-AXIS000192-TXN-CMS-UTR202608000-MERCHANT-SETTLE-BATCH,9ffcb48b0877a117336f5b5eb264d1b1acf6a14d09da68d8c73647ac48974348,26053933,2026-08-18T01:00:00+00:00,UNMATCHED,2026-08-18T01:00:00+00:00,2026-08-18T01:00:00+00:00
aa0a71a2-880a-460d-89f4-ee482824187c,CMS/NEFT/UTR202608000297RZP/RAZORPAY-PAYOUT/20260818,41f083eff85aa291a379f9bf1ddc550ccad351637b3a29b5337eb7ed9582e1b2,26784934,2026-08-18T23:00:00+00:00,UNMATCHED,2026-08-18T23:00:00+00:00,2026-08-18T23:00:00+00:00
d3469e33-7a33-4233-ad7e-d0f6293193ea,CMS/NEFT/UTR202608000298RZP/RAZORPAY-PAYOUT/20260819,85a3a393065e579ef8c18e3085b368fa63d99d91a6d3358c22f9403c7fde597f,21465145,2026-08-19T20:00:00+00:00,UNMATCHED,2026-08-19T20:00:00+00:00,2026-08-19T20:00:00+00:00
bd7d4a45-4a88-4e35-983b-2240f7e59e73,CMS/NEFT/UTR202608000299RZP/RAZORPAY-PAYOUT/20260821,321ced4e0a94961009ac5dc050b81306c947c8f57ca1666ac62addc11923f7ac,19898855,2026-08-21T01:00:00+00:00,UNMATCHED,2026-08-21T01:00:00+00:00,2026-08-21T01:00:00+00:00
75e86ede-fe65-4e81-b786-0097f2e59e33,CMS/NEFT/UTR202608000300RZP/RAZORPAY-PAYOUT/20260821,736d71987dc51a21f0ef037fd7f9bf4b0de5168e1f4cd49098dcf95868c8518b,24290556,2026-08-21T16:00:00+00:00,UNMATCHED,2026-08-21T16:00:00+00:00,2026-08-21T16:00:00+00:00
0dee8f3b-94d2-4d76-8a95-87266ada68c3,CMS/NEFT/UTR202608000301RZP/RAZORPAY-PAYOUT/20260822,07279de36aa07d6a81bc51fdc1f3f51fc8605821ce3d221720269e5a22e60f66,24822112,2026-08-22T17:00:00+00:00,UNMATCHED,2026-08-22T17:00:00+00:00,2026-08-22T17:00:00+00:00
e35fdc58-750b-4977-8431-30adfa098751,CMS/NEFT/UTR202608000302RZP/RAZORPAY-PAYOUT/20260824,f20fc6ff65b32f530203ae0c7cab226001b45140dd2cbf6054209c9a10ed20de,26864197,2026-08-24T00:00:00+00:00,UNMATCHED,2026-08-24T00:00:00+00:00,2026-08-24T00:00:00+00:00
3eeb32cc-2880-4b21-89f2-01fe341a8a1c,CMS/NEFT/UTR202608000303RZP/RAZORPAY-PAYOUT/20260825,11879107973ea3d00acd581994c466ce67c2547f731f7b82c57798cc7e49ebc1,22899153,2026-08-25T00:00:00+00:00,UNMATCHED,2026-08-25T00:00:00+00:00,2026-08-25T00:00:00+00:00
f7d3e599-f5aa-4e0a-bff6-73f704385bcf,CMS/NEFT/UTR20260800030/RZP-SETTLEMENT/NOREF-7661,3f1e6199373818c75420f1d32059c041ca94a0e4ebe1d7be65237fcd9fc0e70f,28652698,2026-08-25T22:00:00+00:00,UNMATCHED,2026-08-25T22:00:00+00:00,2026-08-25T22:00:00+00:00
12c4db6c-2d6f-456e-b14b-92942149336d,CMS/NEFT/UTR202608000305RZP/RAZORPAY-PAYOUT/20260826,843d74b4ad6b23b621c89e9bec4b2ece8518f710ee74678d718ac8dbb9ffb698,22322922,2026-08-26T19:00:00+00:00,UNMATCHED,2026-08-26T19:00:00+00:00,2026-08-26T19:00:00+00:00
fc72ce62-18bb-4af9-8410-c05eee96be1e,CMS/NEFT/UTR202608000306RZP/RAZORPAY-PAYOUT/20260828,8b86c7709e85247c873a09f6dd88f80f201658ce94f94e61f10d67b18f31d03d,24547840,2026-08-28T01:00:00+00:00,UNMATCHED,2026-08-28T01:00:00+00:00,2026-08-28T01:00:00+00:00
7343fa12-5cde-47b6-aab1-42a28b92675f,CMS/NEFT/UTR202608000307RZP/RAZORPAY-PAYOUT/20260828,cb966f2546bcafa58141320a58a7668a2156ba24564e70bb0bc5368f7b2d26e7,25646501,2026-08-28T17:00:00+00:00,UNMATCHED,2026-08-28T17:00:00+00:00,2026-08-28T17:00:00+00:00
b6842bdc-5cb4-418f-bc60-32992ce841be,CMS/NEFT/UTR202608000308RZP/RAZORPAY-PAYOUT/20260829,59e24a1c510da63cadc2569f62e5bf6f2bd60b26d0643063c8a7d54333ea0b95,26056879,2026-08-29T23:00:00+00:00,UNMATCHED,2026-08-29T23:00:00+00:00,2026-08-29T23:00:00+00:00
91d5706d-d264-4959-9f88-ac4d0e0d692e,CMS/NEFT/UTR202608000309RZP/RAZORPAY-PAYOUT/20260802,0e1bca202797c2417cb7f9531f067695570fac85a10a38006d7657beee84b379,19104193,2026-08-02T17:00:00+00:00,UNMATCHED,2026-08-02T17:00:00+00:00,2026-08-02T17:00:00+00:00
bb5f5365-4903-462b-96d1-3b877ba05583,CMS/NEFT/UTR202608000310RZP/RAZORPAY-PAYOUT/20260804,49ef9a65138983e76f3fe85434a57b450af53b9b1fba4b163a2f13dcef7e3970,25786043,2026-08-04T03:00:00+00:00,UNMATCHED,2026-08-04T03:00:00+00:00,2026-08-04T03:00:00+00:00
57710bcd-793c-474c-8a51-b09068ccefda,CMS/NEFT/UTR202608000311RZP/RAZORPAY-PAYOUT/20260804,bfe8216e0e704a20479e53f44b4e6ab90eeb373ad7c82456c7b89704941c94a5,21749631,2026-08-04T17:00:00+00:00,UNMATCHED,2026-08-04T17:00:00+00:00,2026-08-04T17:00:00+00:00
35586fba-58cf-42c5-8be3-bd273efc0cac,CMS/NEFT/UTR202608000312RZP/RAZORPAY-PAYOUT/20260805,36a9f107057abeccb1687e66ad181081f8bf8393491315076fd0e49eb85cacc2,32700305,2026-08-05T20:00:00+00:00,UNMATCHED,2026-08-05T20:00:00+00:00,2026-08-05T20:00:00+00:00
35c0132c-6322-408f-ad5f-b0836d5106bb,CMS/NEFT/UTR202608000313RZP/RAZORPAY-PAYOUT/20260806,c0d66938354a35c8f712f62ff7584b1386562f8f14c1c306db85e39e1e635f0d,25844178,2026-08-06T20:00:00+00:00,UNMATCHED,2026-08-06T20:00:00+00:00,2026-08-06T20:00:00+00:00
81cff768-3fd4-4f0d-a567-58976b2277c3,CMS/NEFT/UTR202608000314RZP/RAZORPAY-PAYOUT/20260807,6f610c32776af8e4dbebc14ace188c669246568c9a0f97917f00c667c538208e,24282405,2026-08-07T15:00:00+00:00,UNMATCHED,2026-08-07T15:00:00+00:00,2026-08-07T15:00:00+00:00
82570bdb-4365-4770-aa37-f0592b3fee1d,CMS/NEFT/UTR202608000315RZP/RAZORPAY-PAYOUT/20260808,58b6c44f3d1b43ba3f74a44224f52eeba867cc8f75be758762285ed63e007edb,20674341,2026-08-08T16:00:00+00:00,UNMATCHED,2026-08-08T16:00:00+00:00,2026-08-08T16:00:00+00:00
127e1c70-359e-476d-b5c3-5fbcf58bec01,CMS/NEFT/UTR202608000316RZP/RAZORPAY-PAYOUT/20260809,7c9d62bbc4869ba0e7bb9e5995f8b417bf933c10ea7f4bcfa63826bf69920392,29271063,2026-08-09T14:00:00+00:00,UNMATCHED,2026-08-09T14:00:00+00:00,2026-08-09T14:00:00+00:00
96731ec2-7c01-4778-ba3b-c323ac1070fa,CMS/NEFT/UTR202608000317RZP/RAZORPAY-PAYOUT/20260810,aedf6d640197d642d67830bb28c3a8f30e9318aa271c5bd9d3a0796723513245,22392251,2026-08-10T22:00:00+00:00,UNMATCHED,2026-08-10T22:00:00+00:00,2026-08-10T22:00:00+00:00
315eb325-550b-49a6-994d-9cfcea475eb9,CMS/NEFT/UTR202608000318RZP/RAZORPAY-PAYOUT/20260811,8d3b75e8c12ecc8e437fd167954e8fd6acfe82a639a7e5c3f27ea278c965e4f1,26695375,2026-08-11T21:00:00+00:00,UNMATCHED,2026-08-11T21:00:00+00:00,2026-08-11T21:00:00+00:00
47e8162a-5b01-420b-9337-eb051b9b869a,CMS/NEFT/UTR20260800031/RZP-SETTLEMENT/NOREF-3047,fdab8a1eb11b37036313b2ae413a3b57550aeddc59d464c6b962a995d6cd7c5a,25264700,2026-08-12T16:00:00+00:00,UNMATCHED,2026-08-12T16:00:00+00:00,2026-08-12T16:00:00+00:00
d4dc0a1a-df86-460c-9e3e-f5a82b2967bd,CMS/NEFT/UTR202608000320RZP/RAZORPAY-PAYOUT/20260814,fdd44d07ea6d323eca0c6a5f0feaa124067f216cda6e01770894c52a01c7eb99,20469888,2026-08-14T02:00:00+00:00,UNMATCHED,2026-08-14T02:00:00+00:00,2026-08-14T02:00:00+00:00
6abe602c-2c68-493d-9c2a-0e3b6c6599e1,CMS/NEFT/UTR202608000321RZP/RAZORPAY-PAYOUT/20260814,1fcba3411412bc13a34271873292b8d7a711f6b4eb7c00bae948440c513a1277,25132719,2026-08-14T20:00:00+00:00,UNMATCHED,2026-08-14T20:00:00+00:00,2026-08-14T20:00:00+00:00
fd3c9e2c-d2b5-4b84-acd9-8c7aaa7b4a2e,CMS/NEFT/UTR202608000322RZP/RAZORPAY-PAYOUT/20260815,44f760c47fde6a46d8fb1dd72afe6f713e8faf8d6e6b0accee1f57eacc6fe57f,26208303,2026-08-15T19:00:00+00:00,UNMATCHED,2026-08-15T19:00:00+00:00,2026-08-15T19:00:00+00:00
7d0b74ae-9d9c-405f-9e37-2dba12aeadbe,CMS/NEFT/UTR202608000323RZP/RAZORPAY-PAYOUT/20260816,9053f0f9db2e95dcf3f9434a4ec7501954d0bcdf3256717b09fd43152b48781b,23457329,2026-08-16T17:00:00+00:00,UNMATCHED,2026-08-16T17:00:00+00:00,2026-08-16T17:00:00+00:00
e6a12ce1-1a54-4154-807c-fc3e0b0cf5a6,CMS/NEFT/UTR202608000324RZP/RAZORPAY-PAYOUT/20260817,4d4e4402821e10c645cc54a5ed5bd5c0b7785d96c60d0d63238cff3e9fc25755,21809140,2026-08-17T14:00:00+00:00,UNMATCHED,2026-08-17T14:00:00+00:00,2026-08-17T14:00:00+00:00
27a78dc8-b8f0-42db-b4b2-0ae6aa971ae9,CMS/NEFT/UTR202608000325RZP/RAZORPAY-PAYOUT/20260818,0378db7400e7d1a5db50e35a6433219cc4c35df25d83cea3cf2c4a3e5376aed8,19970836,2026-08-18T16:00:00+00:00,UNMATCHED,2026-08-18T16:00:00+00:00,2026-08-18T16:00:00+00:00
1deb195e-8d53-492f-9500-68d68a15a306,CMS/NEFT/UTR202608000326RZP/RAZORPAY-PAYOUT/20260820,a78fb9090f49d25bd812bfc41958607c61827d5be46a7e299ca006e4055cf807,21095128,2026-08-20T00:00:00+00:00,UNMATCHED,2026-08-20T00:00:00+00:00,2026-08-20T00:00:00+00:00
20711d48-15c7-4b4a-a396-d3bf086625be,CMS/NEFT/UTR202608000327RZP/RAZORPAY-PAYOUT/20260820,2667c8ee27acfbd7e97bc9d845297b6cf3959528db204173ce5e7f74ca539230,26709222,2026-08-20T19:00:00+00:00,UNMATCHED,2026-08-20T19:00:00+00:00,2026-08-20T19:00:00+00:00
3c5ffea8-bb49-4ddd-ad72-efea6621c02c,CMS/NEFT/UTR202608000328RZP/RAZORPAY-PAYOUT/20260821,0959c036b5b74e5dd2b42d7128b9c7b3742bf62a352dc92c65b4791bd920a0ed,30747892,2026-08-21T20:00:00+00:00,UNMATCHED,2026-08-21T20:00:00+00:00,2026-08-21T20:00:00+00:00
edc712fe-5501-4d5c-8338-736d72b4d72a,CMS/NEFT/UTR202608000329RZP/RAZORPAY-PAYOUT/20260822,38d7665190c7a394899b71066932b462d86b048f6363d5e8b40409bfacefbd65,23472648,2026-08-22T19:00:00+00:00,UNMATCHED,2026-08-22T19:00:00+00:00,2026-08-22T19:00:00+00:00
56a01bfd-2ad3-4916-998f-356e298c50c6,CMS/NEFT/UTR202608000330RZP/RAZORPAY-PAYOUT/20260823,2edf04d338da4a08ed56181b7822daafb0d2cab9d11b3b7cf4d4643fddbfcaf6,25593964,2026-08-23T21:00:00+00:00,UNMATCHED,2026-08-23T21:00:00+00:00,2026-08-23T21:00:00+00:00
7567d5ed-2761-44e2-8e4c-890eff237b18,CMS/NEFT/UTR202608000331RZP/RAZORPAY-PAYOUT/20260824,b76e7386ac603f17655a82e53219767efa20245bd07cb6ab2c7a6b682e9361b4,25286107,2026-08-24T23:00:00+00:00,UNMATCHED,2026-08-24T23:00:00+00:00,2026-08-24T23:00:00+00:00
0a85f34e-1acb-430e-8b1d-bb59bcdcfef2,CMS/NEFT/UTR202608000332RZP/RAZORPAY-PAYOUT/20260825,a1bdde38c72941d0a84e39cb9c5640988356db07de8ec21351051400b12d4ec4,24282896,2026-08-25T23:00:00+00:00,UNMATCHED,2026-08-25T23:00:00+00:00,2026-08-25T23:00:00+00:00
282223a2-2216-4603-a79e-5a038bb453cf,CMS/NEFT/UTR202608000333RZP/RAZORPAY-PAYOUT/20260826,f7162ba1ca39c7af126896ca37fa9354d698469b3cd9962b5d38aa448a567d19,25605854,2026-08-26T15:00:00+00:00,UNMATCHED,2026-08-26T15:00:00+00:00,2026-08-26T15:00:00+00:00
cb20d999-9ba6-449c-a64b-359ac9ade83a,CMS/NEFT/UTR202608000334RZP/RAZORPAY-PAYOUT/20260827,8993e0a6a30c8e01d7b6f80228065bf6470cec8a7831f2b2363dd0dc6e1fe053,24771932,2026-08-27T19:00:00+00:00,UNMATCHED,2026-08-27T19:00:00+00:00,2026-08-27T19:00:00+00:00
8feee091-b3a7-4fe6-b618-8496022ff96c,CMS/NEFT/UTR202608000335RZP/RAZORPAY-PAYOUT/20260828,0c7721d02a9cfb575b4a122b60eee57e08c217ae9fefe6a1003d937e751a2be5,25413964,2026-08-28T22:00:00+00:00,UNMATCHED,2026-08-28T22:00:00+00:00,2026-08-28T22:00:00+00:00
998d4c22-dc4f-4284-8fc6-f43b9fdf389f,CMS/NEFT/UTR202608000336RZP/RAZORPAY-PAYOUT/20260830,53438faebe816c6a10d1e26c763e42d8443aea99eb32e055cf42cde1d6646fb1,27339862,2026-08-30T02:00:00+00:00,UNMATCHED,2026-08-30T02:00:00+00:00,2026-08-30T02:00:00+00:00
0e3b5009-be73-4dff-9399-b99bdc58874f,CMS/NEFT/UTR202608000337RZP/RAZORPAY-PAYOUT/20260803,97c74168fadabe9fcf1c51a2b6d41b6e4142f7650a494b245153e3b6755b722d,26837765,2026-08-03T02:00:00+00:00,UNMATCHED,2026-08-03T02:00:00+00:00,2026-08-03T02:00:00+00:00
cf3887e0-cf6d-41de-b5d2-8fa5f99863b1,CMS/NEFT/UTR202608000338RZP/RAZORPAY-PAYOUT/20260803,583b78a9a27fe53e8f2e647f938bf96aa3dd264f7f74a6f5653930a4d8113200,24857464,2026-08-03T23:00:00+00:00,UNMATCHED,2026-08-03T23:00:00+00:00,2026-08-03T23:00:00+00:00
fbe93fd0-d18b-49f8-9e62-e76575f85c05,NEFT CR 202608000339 RAZORPAY SOFTWARE PRIVATE LTD SETTL,6bc625f481cfa4a082c5ba26fec627b4861a44a398fd00453eb25e4a04c8cd7d,26413050,2026-08-04T19:00:00+00:00,UNMATCHED,2026-08-04T19:00:00+00:00,2026-08-04T19:00:00+00:00
348b72d8-b94b-49bd-a6ca-f0aab19ac458,CMS/NEFT/UTR202608000340RZP/RAZORPAY-PAYOUT/20260805,492d9707acde72dbbbffdc0d0d3e4201ef08d42b766a7c9cb8076358fa64a528,16638812,2026-08-05T21:00:00+00:00,UNMATCHED,2026-08-05T21:00:00+00:00,2026-08-05T21:00:00+00:00
6a6158b0-9745-4170-b2b9-7784f0d65e59,CMS/NEFT/UTR202608000341RZP/RAZORPAY-PAYOUT/20260806,5ccd346fd9476dbc3ee8d3f24c67bb1accdaa9e0b4f3a3a346430a8984bbe8b6,27707326,2026-08-06T14:00:00+00:00,UNMATCHED,2026-08-06T14:00:00+00:00,2026-08-06T14:00:00+00:00
f6797767-e9ab-42c2-913e-ac1b5f13aa4b,NEFT CR 202608000342 RAZORPAY SOFTWARE PRIVATE LTD SETTL,9f32c1ae332fa1efe679c42f44f33b7e1c4d819bbdf05402edbe1a9d19b44fb2,25471902,2026-08-07T15:00:00+00:00,UNMATCHED,2026-08-07T15:00:00+00:00,2026-08-07T15:00:00+00:00
fe1dfdb0-cd77-48e7-a66c-7a613cb1c48b,CMS/NEFT/UTR202608000343RZP/RAZORPAY-PAYOUT/20260808,472b1dc7ae026309a96d310d2db2c42f2c4481d5d73ea02cdd36018b63a7b622,25400707,2026-08-08T19:00:00+00:00,UNMATCHED,2026-08-08T19:00:00+00:00,2026-08-08T19:00:00+00:00
c6c0fc36-4d00-4afa-804d-0f299642dad9,CMS/NEFT/UTR202608000344RZP/RAZORPAY-PAYOUT/20260809,caac67fd2b266f070a27fd4923415b8902cbc941741348796f732a7b8364a58e,27609323,2026-08-09T20:00:00+00:00,UNMATCHED,2026-08-09T20:00:00+00:00,2026-08-09T20:00:00+00:00
871dd15a-874e-4142-bf79-88127df6ed5d,CMS/NEFT/UTR202608000345RZP/RAZORPAY-PAYOUT/20260810,edba5fe6912c0857a46a9d2df176c2d641c043e167aa5babb0ccb4ae2175ea6a,20121573,2026-08-10T22:00:00+00:00,UNMATCHED,2026-08-10T22:00:00+00:00,2026-08-10T22:00:00+00:00
78ed0bbd-2ce0-4c4a-8774-b00f48268549,CMS/NEFT/UTR202608000346RZP/RAZORPAY-PAYOUT/20260812,3a0012ffea71253b497e6abbc7c3413f743afcfa9ee9f594df0662c1afe52537,24472913,2026-08-12T00:00:00+00:00,UNMATCHED,2026-08-12T00:00:00+00:00,2026-08-12T00:00:00+00:00
5a0aa425-3fd8-487d-b159-51ca0d56b087,CMS/NEFT/UTR202608000347RZP/RAZORPAY-PAYOUT/20260812,39ca3c4a5d6aa6690a0af205d7e52a7f52028f312615458e8e488cde274e9181,24049720,2026-08-12T16:00:00+00:00,UNMATCHED,2026-08-12T16:00:00+00:00,2026-08-12T16:00:00+00:00
8641e0dd-cae4-445f-8fc0-57c0e276cac7,CMS/NEFT/UTR202608000348RZP/RAZORPAY-PAYOUT/20260813,46e3ddc021bd2230dec02179db6febaad260d0af331dc1fc8bf1c2a4a4c187f7,28581208,2026-08-13T16:00:00+00:00,UNMATCHED,2026-08-13T16:00:00+00:00,2026-08-13T16:00:00+00:00
2df5ed48-7c65-44d4-a42c-ff9fce327951,CMS/NEFT/UTR202608000349RZP/RAZORPAY-PAYOUT/20260815,4c67332c9e1e6ee803534b68c9821cb6af93d184adc2b4e5931d5a2d64168a22,27311973,2026-08-15T03:00:00+00:00,UNMATCHED,2026-08-15T03:00:00+00:00,2026-08-15T03:00:00+00:00
e9a1285d-fbec-45c1-af78-0814b212bcba,CMS/NEFT/UTR202608000350RZP/RAZORPAY-PAYOUT/20260815,3ac094c2259be797cf5ddc5fb1bf4f55676d468048f0c81577f948019ce9f0c2,28150601,2026-08-15T14:00:00+00:00,UNMATCHED,2026-08-15T14:00:00+00:00,2026-08-15T14:00:00+00:00
21212814-071e-4225-9317-3b0ce21f0e89,CMS/NEFT/UTR202608000351RZP/RAZORPAY-PAYOUT/20260816,857878c311ae0d402a43b8dbae5f1773023717f50e6eb0ddae592113f69351cd,26433476,2026-08-16T18:00:00+00:00,UNMATCHED,2026-08-16T18:00:00+00:00,2026-08-16T18:00:00+00:00
5037bd83-70f0-40b7-a5ab-3fa3f2b0e661,CMS/NEFT/UTR202608000352RZP/RAZORPAY-PAYOUT/20260817,8c3827158b8ea1eb7de107c3da8320ff3053c2cef3935e950d4d6928230ac645,22927834,2026-08-17T18:00:00+00:00,UNMATCHED,2026-08-17T18:00:00+00:00,2026-08-17T18:00:00+00:00
f25e349c-0746-431b-be43-52f7ac717f37,CMS/NEFT/UTR202608000353RZP/RAZORPAY-PAYOUT/20260819,8b5e6945911cf46081967420b43f55bd5596160d535206aaebdd58c56a3d64ae,27056064,2026-08-19T00:00:00+00:00,UNMATCHED,2026-08-19T00:00:00+00:00,2026-08-19T00:00:00+00:00
81495115-b7d6-4255-94f4-ecbb96494410,CMS/NEFT/UTR202608000354RZP/RAZORPAY-PAYOUT/20260819,eb6ee743819c94a52f76ecce47abd3381b64213572e2c6f91f8f3e321ed4f730,22739585,2026-08-19T18:00:00+00:00,UNMATCHED,2026-08-19T18:00:00+00:00,2026-08-19T18:00:00+00:00
f627a1eb-79c2-47ec-a2e8-6b4546836c16,CMS/NEFT/UTR202608000355RZP/RAZORPAY-PAYOUT/20260821,bdce86fd74b2121bdc24ff3b1ea2081ca26339de3877adb22c3aefc7a6978e2d,26446242,2026-08-21T02:00:00+00:00,UNMATCHED,2026-08-21T02:00:00+00:00,2026-08-21T02:00:00+00:00
0be74068-2af1-4e4e-9594-ac09b83b4e80,CMS/NEFT/UTR202608000356RZP/RAZORPAY-PAYOUT/20260821,e450276ab5e881c56fcc8b2d4ece9dd22527709bc4ebf3ad51206e4657f40420,26250137,2026-08-21T14:00:00+00:00,UNMATCHED,2026-08-21T14:00:00+00:00,2026-08-21T14:00:00+00:00
0dba035f-ff37-4b8c-8208-b26d719915ad,CMS/NEFT/UTR202608000357RZP/RAZORPAY-PAYOUT/20260822,a52c559a4d9f69308031054121cbcd8911e53f0d5b943fc65b5d1c139a056b82,19856433,2026-08-22T15:00:00+00:00,UNMATCHED,2026-08-22T15:00:00+00:00,2026-08-22T15:00:00+00:00
fb93c3b7-7dbb-4cc1-ac37-ab90a068fc8f,CMS/NEFT/UTR202608000358RZP/RAZORPAY-PAYOUT/20260823,c930a3266a814ce04c940d892ca092d03e0bec625a579e23abd293d7850cc154,22536311,2026-08-23T22:00:00+00:00,UNMATCHED,2026-08-23T22:00:00+00:00,2026-08-23T22:00:00+00:00
185656de-37b6-4167-ace1-ce661702fdf4,ACH-CR-AXIS000192-TXN-CMS-UTR202608000-MERCHANT-SETTLE-BATCH,9ffcb48b0877a117336f5b5eb264d1b1acf6a14d09da68d8c73647ac48974348,24875631,2026-08-24T22:00:00+00:00,UNMATCHED,2026-08-24T22:00:00+00:00,2026-08-24T22:00:00+00:00
c7ae8977-5ae8-4f26-b3d5-e2fca551b10e,NEFT CR 202608000360 RAZORPAY SOFTWARE PRIVATE LTD SETTL,5cd5d300fc82f1be325101273d6acfc48d5e953369fdb160c9d72e21ffa394f0,19571461,2026-08-25T15:00:00+00:00,UNMATCHED,2026-08-25T15:00:00+00:00,2026-08-25T15:00:00+00:00
d34f70cc-f869-4cd2-86ff-f3df865387ce,CMS/NEFT/UTR202608000361RZP/RAZORPAY-PAYOUT/20260826,4dd1ce41ca47d7d692437e6dfbf3f8a03c5479e96bdaa86c5d4d372fd53ba12a,21634344,2026-08-26T21:00:00+00:00,UNMATCHED,2026-08-26T21:00:00+00:00,2026-08-26T21:00:00+00:00
c8d8d85c-a1ff-4b88-abd2-c7cef0f83a00,CMS/NEFT/UTR202608000362RZP/RAZORPAY-PAYOUT/20260827,1cf4344ac42215b2322acb9f1747da7f3eee5c3b775242dbf719d5273e328afe,23153989,2026-08-27T16:00:00+00:00,UNMATCHED,2026-08-27T16:00:00+00:00,2026-08-27T16:00:00+00:00
03c8b331-b51d-45c9-910d-8f39dc2f5ddf,CMS/NEFT/UTR202608000363RZP/RAZORPAY-PAYOUT/20260828,11905acf76192342781aacfeb77e05e0fffe7398f1eae8cca8bd2a60d780a5cf,19067789,2026-08-28T18:00:00+00:00,UNMATCHED,2026-08-28T18:00:00+00:00,2026-08-28T18:00:00+00:00
8ff18550-4896-4820-ba4d-c92acaeb688d,CMS/NEFT/UTR202608000364RZP/RAZORPAY-PAYOUT/20260829,eb8150e06c1c79099af256565396815c5dbd633e664d0167605fbeef85d51b8b,22112872,2026-08-29T17:00:00+00:00,UNMATCHED,2026-08-29T17:00:00+00:00,2026-08-29T17:00:00+00:00
e836cc5d-d9c3-4cc7-8f75-84b63bb48395,CMS/NEFT/UTR202608000365RZP/RAZORPAY-PAYOUT/20260803,e51a5dc045c55da5713bcbbe6781bbb31a3531178556ad398d22381f185d36e8,21437747,2026-08-03T00:00:00+00:00,UNMATCHED,2026-08-03T00:00:00+00:00,2026-08-03T00:00:00+00:00
2c2d42ee-482c-436a-9d0a-21adeda3c5ac,CMS/NEFT/UTR202608000366RZP/RAZORPAY-PAYOUT/20260803,8bcb15b8dbaefee9d3c38b0959f3c9b2557eee1decb4815e089d9648fd8e0ded,18073906,2026-08-03T15:00:00+00:00,UNMATCHED,2026-08-03T15:00:00+00:00,2026-08-03T15:00:00+00:00
37358a48-34b8-486b-97c8-2f8698695e35,CMS/NEFT/UTR202608000367RZP/RAZORPAY-PAYOUT/20260805,02305ec5dfa341980595be8e818a7cb94782397b63b4377934ca3ebf4c802040,24576377,2026-08-05T00:00:00+00:00,UNMATCHED,2026-08-05T00:00:00+00:00,2026-08-05T00:00:00+00:00
20344157-4bdd-4efa-ba02-cce32915a475,ACH-CR-AXIS000192-TXN-CMS-UTR202608000-MERCHANT-SETTLE-BATCH,9ffcb48b0877a117336f5b5eb264d1b1acf6a14d09da68d8c73647ac48974348,24239492,2026-08-05T16:00:00+00:00,UNMATCHED,2026-08-05T16:00:00+00:00,2026-08-05T16:00:00+00:00
7350daa2-c28e-4b36-930f-57d6b1db96f5,CMS/NEFT/UTR202608000369RZP/RAZORPAY-PAYOUT/20260806,36db55bc2166274da14580ce6b64eb4ca960a6041d125696443f220120ae87aa,23986528,2026-08-06T16:00:00+00:00,UNMATCHED,2026-08-06T16:00:00+00:00,2026-08-06T16:00:00+00:00
92539eaf-df04-4837-a824-2b61c20d8630,CMS/NEFT/UTR202608000370RZP/RAZORPAY-PAYOUT/20260807,a022b3e2f780d472684719501673ff1c343a6a36e2b8ecf9f65239001dfd0624,26276945,2026-08-07T20:00:00+00:00,UNMATCHED,2026-08-07T20:00:00+00:00,2026-08-07T20:00:00+00:00
68258a4c-eb63-4907-a9dd-8637430d0f05,CMS/NEFT/UTR202608000371RZP/RAZORPAY-PAYOUT/20260808,9db3b26ff9dd6604ecfd6f4dcd81f9814982ed2a6f51456a8324648f688cf797,25325878,2026-08-08T21:00:00+00:00,UNMATCHED,2026-08-08T21:00:00+00:00,2026-08-08T21:00:00+00:00
0ed91e16-f742-47cf-a36f-489b5b9b5a5f,CMS/NEFT/UTR202608000372RZP/RAZORPAY-PAYOUT/20260809,66f8cf99135c7e68bb4c5b45bb24c4785105572b38fcc0f132a37e838e9c2540,21356831,2026-08-09T15:00:00+00:00,UNMATCHED,2026-08-09T15:00:00+00:00,2026-08-09T15:00:00+00:00
47e24b21-dbd2-4d24-b869-20fcdd7e657e,CMS/NEFT/UTR202608000373RZP/RAZORPAY-PAYOUT/20260810,2ea8090a90d31dd9df8f9a3ea92a203645d20bfff1cd0eac51ca00415fe43624,18303498,2026-08-10T14:00:00+00:00,UNMATCHED,2026-08-10T14:00:00+00:00,2026-08-10T14:00:00+00:00
cc149c66-439e-444b-946e-686828e65eca,CMS/NEFT/UTR202608000374RZP/RAZORPAY-PAYOUT/20260811,654541daeb476b9fa80c0941c9d89c159c6ba27f96a4b4381770313dc4537d6c,22207734,2026-08-11T16:00:00+00:00,UNMATCHED,2026-08-11T16:00:00+00:00,2026-08-11T16:00:00+00:00
7cc94aa3-9bcc-44f0-8ed7-02324123319d,CMS/NEFT/UTR202608000375RZP/RAZORPAY-PAYOUT/20260812,36de07094f4f61efb81b178dced51fd549fa20f5aa4a13cc26fbe6ad8eddcb26,24542831,2026-08-12T16:00:00+00:00,UNMATCHED,2026-08-12T16:00:00+00:00,2026-08-12T16:00:00+00:00
cce00b0f-9043-4214-a44e-9ab50c140a1b,CMS/NEFT/UTR202608000376RZP/RAZORPAY-PAYOUT/20260813,fd850777b7b498db45ca5f4373b51a2345a3699d2a9e125cb2cc91fd4a1abf41,24574648,2026-08-13T22:00:00+00:00,UNMATCHED,2026-08-13T22:00:00+00:00,2026-08-13T22:00:00+00:00
20fb3e01-575c-464e-b32d-e29c9c800cf4,CMS/NEFT/UTR202608000377RZP/RAZORPAY-PAYOUT/20260814,908c4673c7ee3d3284999d58c71adef52df135461ac2b3e992c2ce0252ffeef9,31623837,2026-08-14T20:00:00+00:00,UNMATCHED,2026-08-14T20:00:00+00:00,2026-08-14T20:00:00+00:00
1a4bb3f0-0dde-4533-9a51-86898c0b8681,CMS/NEFT/UTR202608000378RZP/RAZORPAY-PAYOUT/20260816,5af5baeca8606321ebca57663f8d67970f7b6d390d48ed3520b79c2ae1cc8969,29082885,2026-08-16T00:00:00+00:00,UNMATCHED,2026-08-16T00:00:00+00:00,2026-08-16T00:00:00+00:00
fa95064a-b462-400c-bcf1-a0d47feca258,CMS/NEFT/UTR202608000379RZP/RAZORPAY-PAYOUT/20260817,421591190d9fcde6a1e9c751815958fd7d193b1938065cbb779813ee73d1a3ea,18587689,2026-08-17T03:00:00+00:00,UNMATCHED,2026-08-17T03:00:00+00:00,2026-08-17T03:00:00+00:00
6504e510-494c-4605-8eb9-d7d23a4eda98,CMS/NEFT/UTR202608000380RZP/RAZORPAY-PAYOUT/20260817,920eeeac2246b55d79d8f50434cedcfb2d32b5863f34f8ca9283ef1590e8aa45,24607571,2026-08-17T19:00:00+00:00,UNMATCHED,2026-08-17T19:00:00+00:00,2026-08-17T19:00:00+00:00
b969a87a-c030-4238-8f75-946251cf7dc7,CMS/NEFT/UTR202608000381RZP/RAZORPAY-PAYOUT/20260818,f7b6c34e22a83ee6b906513bd831ded5a8e58c6a1a8c469a04d994d2da6f5403,20216336,2026-08-18T16:00:00+00:00,UNMATCHED,2026-08-18T16:00:00+00:00,2026-08-18T16:00:00+00:00
0430529a-2495-4ab2-a4b9-6f614a35c38e,CMS/NEFT/UTR202608000382RZP/RAZORPAY-PAYOUT/20260819,b5f09146aa863653877fb49512b4351bf82a7fd131b4566227be0dabb293352c,24762112,2026-08-19T23:00:00+00:00,UNMATCHED,2026-08-19T23:00:00+00:00,2026-08-19T23:00:00+00:00
20e62afb-4660-4026-88e2-d9183ac430f3,CMS/NEFT/UTR202608000383RZP/RAZORPAY-PAYOUT/20260820,885990f910f45c6b68a3e8b28331d61fa2aab49e11db773085b79d50ed5fba86,21928747,2026-08-20T16:00:00+00:00,UNMATCHED,2026-08-20T16:00:00+00:00,2026-08-20T16:00:00+00:00
547b5638-01ef-4de4-9400-7a2c19450dd3,CMS/NEFT/UTR202608000384RZP/RAZORPAY-PAYOUT/20260821,e0b22433492b189a6ba2122dcfec80f80711677dd21e760b84c4c1e51d06d3c7,25904178,2026-08-21T17:00:00+00:00,UNMATCHED,2026-08-21T17:00:00+00:00,2026-08-21T17:00:00+00:00
e09edcd8-b010-4d0f-9deb-03e6cced6b73,CMS/NEFT/UTR202608000385RZP/RAZORPAY-PAYOUT/20260822,782108eba2ead42c140552d12f66de7b65281730333d587f837f91aeda75cfc5,19587659,2026-08-22T15:00:00+00:00,UNMATCHED,2026-08-22T15:00:00+00:00,2026-08-22T15:00:00+00:00
e6c87b08-5018-4b63-a171-a88c4acbe267,CMS/NEFT/UTR202608000386RZP/RAZORPAY-PAYOUT/20260823,47480c81b98b5f25d34f8ed9c59d47006ee9010b6ce65e89fbbc1f1550779e3a,21353492,2026-08-23T19:00:00+00:00,UNMATCHED,2026-08-23T19:00:00+00:00,2026-08-23T19:00:00+00:00
1df1ff08-1513-4557-a79f-33bc4e9f717a,CMS/NEFT/UTR202608000387RZP/RAZORPAY-PAYOUT/20260824,2c46d5c055d1a0a8403e9fb8691e196b68aba3ed650b55adcb1714a5a1d8aad3,24901360,2026-08-24T18:00:00+00:00,UNMATCHED,2026-08-24T18:00:00+00:00,2026-08-24T18:00:00+00:00
ddc60154-8037-4aa0-b26c-023fb5b965ad,CMS/NEFT/UTR202608000388RZP/RAZORPAY-PAYOUT/20260825,997069e2648d94222fb89a7c32f63d7d55be237ffe47704ca544e710cc6c88a9,25840250,2026-08-25T20:00:00+00:00,UNMATCHED,2026-08-25T20:00:00+00:00,2026-08-25T20:00:00+00:00
63b16941-329b-4d54-bd13-bbfb20f401b8,CMS/NEFT/UTR202608000389RZP/RAZORPAY-PAYOUT/20260827,967a87c09560c674f0d65cf201919ae75a653122b99a99ca235c6906c707932a,26821464,2026-08-27T00:00:00+00:00,UNMATCHED,2026-08-27T00:00:00+00:00,2026-08-27T00:00:00+00:00
2b21af46-c19f-4b40-81dd-d86ddac4ef8f,NEFT CR 202608000390 RAZORPAY SOFTWARE PRIVATE LTD SETTL,d6996c954a6de001acedcbeb1a2702720fa85896a6ff2814e214297dc1cb0251,26707061,2026-08-27T20:00:00+00:00,UNMATCHED,2026-08-27T20:00:00+00:00,2026-08-27T20:00:00+00:00
f8ece2a1-1e08-4b16-9605-3efb5d449e08,CMS/NEFT/UTR202608000391RZP/RAZORPAY-PAYOUT/20260828,409903a4d25c0bafc8d598b94f27d98dc6c3bcb7dc9153dd633c955e93214fba,26459794,2026-08-28T21:00:00+00:00,UNMATCHED,2026-08-28T21:00:00+00:00,2026-08-28T21:00:00+00:00
5dc8ca3a-1857-4d28-b19f-5a01f2eda04d,CMS/NEFT/UTR202608000392RZP/RAZORPAY-PAYOUT/20260829,f8d947e84669db37d103f48ba70983dc123a6b5a82a36154ce9ca05b3b63aa9a,26058745,2026-08-29T12:00:00+00:00,UNMATCHED,2026-08-29T12:00:00+00:00,2026-08-29T12:00:00+00:00
51941b5d-c34c-40d3-a9a0-648d69e1454a,CMS/NEFT/UTR202608000393RZP/RAZORPAY-PAYOUT/20260802,20f5bec6380c258503311650195934ac1f9da488cc3ab4737a6e1774970b7f33,22212153,2026-08-02T13:00:00+00:00,UNMATCHED,2026-08-02T13:00:00+00:00,2026-08-02T13:00:00+00:00
c9a874b8-9ce8-42f1-827f-28847b43c816,CMS/NEFT/UTR202608000394RZP/RAZORPAY-PAYOUT/20260803,55e73af4495dd45c3e31c2a58371824648704d38a3ff58bcb0be236e1c9b007e,23143972,2026-08-03T23:00:00+00:00,UNMATCHED,2026-08-03T23:00:00+00:00,2026-08-03T23:00:00+00:00
31f7eafe-3c46-4785-b942-746037a614ac,CMS/NEFT/UTR202608000395RZP/RAZORPAY-PAYOUT/20260805,4a3c3c9793381db102d152696d1dc478194ff664a795085d3856e558222028b8,23317295,2026-08-05T00:00:00+00:00,UNMATCHED,2026-08-05T00:00:00+00:00,2026-08-05T00:00:00+00:00
47e7f065-3781-4963-8c90-b062f82e58dd,CMS/NEFT/UTR202608000396RZP/RAZORPAY-PAYOUT/20260806,a2642e7d6a6571c3cd2a44293d23c0f24c4772f299f58b72a3dab267c74045ac,24039949,2026-08-06T01:00:00+00:00,UNMATCHED,2026-08-06T01:00:00+00:00,2026-08-06T01:00:00+00:00
0e2fd7f5-b08f-4849-b333-258642104a40,CMS/NEFT/UTR202608000397RZP/RAZORPAY-PAYOUT/20260806,1610d8fe4eeeffd07ee745c24b39e2c1c77f1af35245bc7e7ce385cc1b4caf08,25647778,2026-08-06T22:00:00+00:00,UNMATCHED,2026-08-06T22:00:00+00:00,2026-08-06T22:00:00+00:00
e5e6087b-d418-400d-8ff6-3339ca8b9338,ACH-CR-AXIS000192-TXN-CMS-UTR202608000-MERCHANT-SETTLE-BATCH,9ffcb48b0877a117336f5b5eb264d1b1acf6a14d09da68d8c73647ac48974348,26950892,2026-08-07T16:00:00+00:00,UNMATCHED,2026-08-07T16:00:00+00:00,2026-08-07T16:00:00+00:00
b1c096e4-2563-4fa3-8598-4aed33c891da,CMS/NEFT/UTR202608000399RZP/RAZORPAY-PAYOUT/20260808,0e185062144ee9e4aec32f066c23eecf6c16c618dbb56a3f8579744ea970560c,20317678,2026-08-08T17:00:00+00:00,UNMATCHED,2026-08-08T17:00:00+00:00,2026-08-08T17:00:00+00:00
77a23297-398e-4ecd-bf7a-a6751182c226,CMS/NEFT/UTR202608000400RZP/RAZORPAY-PAYOUT/20260809,19ff59354512878fe01ab7793a18409e8f4db98f350c1435665a6925584d23ee,28993157,2026-08-09T23:00:00+00:00,UNMATCHED,2026-08-09T23:00:00+00:00,2026-08-09T23:00:00+00:00
c995837e-d7c1-40ac-a00c-19f85cc7e9cb,CMS/NEFT/UTR202608000401RZP/RAZORPAY-PAYOUT/20260810,09765c9cbc39b566c65da84f3c4ba85d41c8561a1f4ec75c9c70d3150d777f8c,30132866,2026-08-10T22:00:00+00:00,UNMATCHED,2026-08-10T22:00:00+00:00,2026-08-10T22:00:00+00:00
df82095c-adfd-415a-a415-27872845a088,CMS/NEFT/UTR202608000402RZP/RAZORPAY-PAYOUT/20260811,3c357ada2a44020d94724f8410928c5c5f68771bd29ab7da6a6cb197e7708fdc,22228945,2026-08-11T18:00:00+00:00,UNMATCHED,2026-08-11T18:00:00+00:00,2026-08-11T18:00:00+00:00
d39ccc8b-8743-464e-b771-c6d26cbaa249,CMS/NEFT/UTR202608000403RZP/RAZORPAY-PAYOUT/20260812,2562e942d0bae7d4e2a8ad4b681d30579ceeed88753e366ee30c9d083d1e269a,22854577,2026-08-12T23:00:00+00:00,UNMATCHED,2026-08-12T23:00:00+00:00,2026-08-12T23:00:00+00:00
6d65236b-c569-4867-99f4-ef023d50c50c,CMS/NEFT/UTR202608000404RZP/RAZORPAY-PAYOUT/20260813,0e859bf761d5d30e5ac73ec183f0c6a280f3b54b743a90226cd6e571c856760f,21438828,2026-08-13T23:00:00+00:00,UNMATCHED,2026-08-13T23:00:00+00:00,2026-08-13T23:00:00+00:00
72e6d7dc-2145-4e3b-b260-1ffbbd6e23f4,CMS/NEFT/UTR202608000405RZP/RAZORPAY-PAYOUT/20260814,59ff0cb282f0d8b1a285de82f5e5015b174ce807ad03dfdd71d99ec5b988636b,28568540,2026-08-14T16:00:00+00:00,UNMATCHED,2026-08-14T16:00:00+00:00,2026-08-14T16:00:00+00:00
5484b7ad-7d87-4906-9784-8866f129420d,CMS/NEFT/UTR202608000406RZP/RAZORPAY-PAYOUT/20260815,c8157b899a27eeaea21f8d053e2c5d3675d088320cda3ba97edc5f0f643531cd,24076774,2026-08-15T21:00:00+00:00,UNMATCHED,2026-08-15T21:00:00+00:00,2026-08-15T21:00:00+00:00
b1acf9d6-ea32-43eb-b9a5-1e4ea49377d1,CMS/NEFT/UTR202608000407RZP/RAZORPAY-PAYOUT/20260817,0e0fe0f295d23ec0c0e1995ec02c3f15c7ed258286229701cc12f6aaffc07018,21661251,2026-08-17T02:00:00+00:00,UNMATCHED,2026-08-17T02:00:00+00:00,2026-08-17T02:00:00+00:00
5f732ebc-b7ae-4d70-a597-1381f4a1206e,CMS/NEFT/UTR202608000408RZP/RAZORPAY-PAYOUT/20260817,67f36c377b3197f723bc565b77f102c8c10be5fba74d253abe1b23016af2599b,35164733,2026-08-17T15:00:00+00:00,UNMATCHED,2026-08-17T15:00:00+00:00,2026-08-17T15:00:00+00:00
22feec93-7e28-4859-a0f6-1b7a054f41f7,CMS/NEFT/UTR20260800040/RZP-SETTLEMENT/NOREF-5479,484758011349aff1fb159b4748eb0d225bfc02827ab54c3ed6b1965ea2549c18,25643064,2026-08-18T16:00:00+00:00,UNMATCHED,2026-08-18T16:00:00+00:00,2026-08-18T16:00:00+00:00
557413de-902b-401e-aa7a-c40fd6d66c30,CMS/NEFT/UTR202608000410RZP/RAZORPAY-PAYOUT/20260819,0bc57a8a39bd4afd7f21509d787f7d3816c811b507a656d26ddfcd923a63b04e,27143757,2026-08-19T23:00:00+00:00,UNMATCHED,2026-08-19T23:00:00+00:00,2026-08-19T23:00:00+00:00
4b30cef3-0d3c-49f4-974f-36d9593871e4,NEFT CR 202608000411 RAZORPAY SOFTWARE PRIVATE LTD SETTL,dc61cf102eb8f1809c4f5806f1f151099a79a7ca09ca0fc021020039d617b76a,21590448,2026-08-20T19:00:00+00:00,UNMATCHED,2026-08-20T19:00:00+00:00,2026-08-20T19:00:00+00:00
c0d2ef14-faaf-436b-a21f-cd1ea85cab09,CMS/NEFT/UTR202608000412RZP/RAZORPAY-PAYOUT/20260821,2c4f9bda13a8239b3a0bb29d5740d79a0dc7fb9179641d2e8ead1faecb36800c,23864368,2026-08-21T14:00:00+00:00,UNMATCHED,2026-08-21T14:00:00+00:00,2026-08-21T14:00:00+00:00
a20d9446-898a-4449-8a90-a89c0c051148,ACH-CR-AXIS000192-TXN-CMS-UTR202608000-MERCHANT-SETTLE-BATCH,9ffcb48b0877a117336f5b5eb264d1b1acf6a14d09da68d8c73647ac48974348,25529152,2026-08-22T23:00:00+00:00,UNMATCHED,2026-08-22T23:00:00+00:00,2026-08-22T23:00:00+00:00
69aa2e64-e52f-4feb-8924-4793a429a307,CMS/NEFT/UTR202608000414RZP/RAZORPAY-PAYOUT/20260823,461d979c8d78e63951341bad20fd2bb61e96903005641ddfd0270b5c6a9bf8a5,27032496,2026-08-23T19:00:00+00:00,UNMATCHED,2026-08-23T19:00:00+00:00,2026-08-23T19:00:00+00:00
2b23dd28-f3d7-4cd7-859f-ffe0b2705e0e,CMS/NEFT/UTR202608000415RZP/RAZORPAY-PAYOUT/20260824,781d3d5df2e239ed7bc6019e3bbb507c79b106ff659df8914c847dc7e0957e14,26158516,2026-08-24T23:00:00+00:00,UNMATCHED,2026-08-24T23:00:00+00:00,2026-08-24T23:00:00+00:00
04d47c60-93bc-4b74-a739-db905281adf0,ACH-CR-AXIS000192-TXN-CMS-UTR202608000-MERCHANT-SETTLE-BATCH,9ffcb48b0877a117336f5b5eb264d1b1acf6a14d09da68d8c73647ac48974348,28122712,2026-08-25T16:00:00+00:00,UNMATCHED,2026-08-25T16:00:00+00:00,2026-08-25T16:00:00+00:00
b2aaa467-be7d-4d1b-8e69-00712af66884,CMS/NEFT/UTR202608000417RZP/RAZORPAY-PAYOUT/20260826,11dac6d87bb949839e84107a78a21fbc82fe9700e35eb02fca9ae51d12cacd89,23950882,2026-08-26T19:00:00+00:00,UNMATCHED,2026-08-26T19:00:00+00:00,2026-08-26T19:00:00+00:00
1061d306-73ea-40dc-8e06-4e74f84ccc9d,CMS/NEFT/UTR202608000418RZP/RAZORPAY-PAYOUT/20260827,318ffd588d4aca8fdfff74aacdc079c4c5b66f4c9c60ae8df26e5fdbc8cff2e6,22828849,2026-08-27T16:00:00+00:00,UNMATCHED,2026-08-27T16:00:00+00:00,2026-08-27T16:00:00+00:00
20a18264-16ad-445a-82e4-7d4178b7a8a4,ACH-CR-AXIS000192-TXN-CMS-UTR202608000-MERCHANT-SETTLE-BATCH,9ffcb48b0877a117336f5b5eb264d1b1acf6a14d09da68d8c73647ac48974348,28338654,2026-08-29T00:00:00+00:00,UNMATCHED,2026-08-29T00:00:00+00:00,2026-08-29T00:00:00+00:00
9895e7ac-4524-4e5b-9018-7509202380ee,CMS/NEFT/UTR202608000420RZP/RAZORPAY-PAYOUT/20260829,8a810a3754e16da9be1dbe2eadda86ffa0e479f6b165883863737c84771af94c,28794204,2026-08-29T17:00:00+00:00,UNMATCHED,2026-08-29T17:00:00+00:00,2026-08-29T17:00:00+00:00
c8f7cdb8-f285-4a60-9966-3913a2ac64ae,CMS/NEFT/UTR202608000421RZP/RAZORPAY-PAYOUT/20260802,c35291956b77d7c195e75c4fdb4bb6f18736393da2515f2c095f1ee7ba56ae3a,27085229,2026-08-02T17:00:00+00:00,UNMATCHED,2026-08-02T17:00:00+00:00,2026-08-02T17:00:00+00:00
5a92c379-7fab-49c2-9483-5a41eefdbdfa,CMS/NEFT/UTR202608000422RZP/RAZORPAY-PAYOUT/20260804,0e7e7be3572667e5099cd90b3c69617441362c059c5d45747ce8fe481e14c33f,27927687,2026-08-04T01:00:00+00:00,UNMATCHED,2026-08-04T01:00:00+00:00,2026-08-04T01:00:00+00:00
ceda2f1d-842c-41d5-9f41-7091a5b8c4c3,CMS/NEFT/UTR202608000423RZP/RAZORPAY-PAYOUT/20260804,74e600da1d59dcfce84b26247462c9ca44477c7ad966881ca8aa7734dd30a72d,19399214,2026-08-04T12:00:00+00:00,UNMATCHED,2026-08-04T12:00:00+00:00,2026-08-04T12:00:00+00:00
3ef2b701-f998-4968-be78-50af7b30f7e5,CMS/NEFT/UTR20260800042/RZP-SETTLEMENT/NOREF-6255,8ab509e666c2b07ebfc8308eb308a5f375e766f59f7fcc608c513c3213fdc6dc,15935896,2026-08-06T00:00:00+00:00,UNMATCHED,2026-08-06T00:00:00+00:00,2026-08-06T00:00:00+00:00
168802d1-b878-4582-8bc7-bf99b315d791,CMS/NEFT/UTR202608000425RZP/RAZORPAY-PAYOUT/20260806,09578bcc86f5701d70fd1612f469fe460bb2ee81696e84190ca15dc27e6216d2,24482929,2026-08-06T14:00:00+00:00,UNMATCHED,2026-08-06T14:00:00+00:00,2026-08-06T14:00:00+00:00
058b4274-ebe8-44d1-b7fa-60df3d17abda,CMS/NEFT/UTR202608000426RZP/RAZORPAY-PAYOUT/20260808,b757f74c64767cd2083edc122839cc3c71329a08a24e18e69d6c034b393e16e1,28751291,2026-08-08T01:00:00+00:00,UNMATCHED,2026-08-08T01:00:00+00:00,2026-08-08T01:00:00+00:00
df708253-0199-49c3-a112-c4d22264cd48,CMS/NEFT/UTR202608000427RZP/RAZORPAY-PAYOUT/20260808,ef2d1f9b7fbb426d639049be5d72f581e382410c83828e9b70c2fa9138bfa15e,23250912,2026-08-08T22:00:00+00:00,UNMATCHED,2026-08-08T22:00:00+00:00,2026-08-08T22:00:00+00:00
d4d3a5e6-9697-4ac5-98c9-f0f96c22bbff,CMS/NEFT/UTR202608000428RZP/RAZORPAY-PAYOUT/20260810,2dbb54f129ed01e7dc8d1064fdf53f93d754ee3048bff61bc917f80cdd38280b,27389453,2026-08-10T01:00:00+00:00,UNMATCHED,2026-08-10T01:00:00+00:00,2026-08-10T01:00:00+00:00
795bd182-0761-4e16-b6c1-22945dc9f640,CMS/NEFT/UTR202608000429RZP/RAZORPAY-PAYOUT/20260810,54c6e31f9819b628a116d63ed4a89835e81c2d0d1ced69f5df49ff6416bcc329,24267086,2026-08-10T19:00:00+00:00,UNMATCHED,2026-08-10T19:00:00+00:00,2026-08-10T19:00:00+00:00
2ebd0fc9-9c14-4e3b-8e89-2f64c96d06d1,CMS/NEFT/UTR202608000430RZP/RAZORPAY-PAYOUT/20260811,4e4d89f55dbaebd718ebed582c62c5811fd0c0a5c3f657f318d3faf137da4e80,24925910,2026-08-11T23:00:00+00:00,UNMATCHED,2026-08-11T23:00:00+00:00,2026-08-11T23:00:00+00:00
ecdd755b-b9e1-43eb-8ca1-351e22bc1750,CMS/NEFT/UTR202608000431RZP/RAZORPAY-PAYOUT/20260812,91d2fb925361ac34bf4e96b2e82ac9c09b447c7f5e6e1e4836ae873d77bb6f6c,28552927,2026-08-12T19:00:00+00:00,UNMATCHED,2026-08-12T19:00:00+00:00,2026-08-12T19:00:00+00:00
f078e898-d5b8-4330-b347-8029130f64f9,CMS/NEFT/UTR202608000432RZP/RAZORPAY-PAYOUT/20260813,3ee663fb17c058ffdf10fa9ec20fc1de889c7aa921000683f5c76674820eb44e,24392487,2026-08-13T21:00:00+00:00,UNMATCHED,2026-08-13T21:00:00+00:00,2026-08-13T21:00:00+00:00
a6ca30b1-f74a-438e-b988-84dac5859569,CMS/NEFT/UTR202608000433RZP/RAZORPAY-PAYOUT/20260814,c990acab61df85983c934631ad367529cfb433cf9770294f42565a69f2df8261,21347109,2026-08-14T14:00:00+00:00,UNMATCHED,2026-08-14T14:00:00+00:00,2026-08-14T14:00:00+00:00
6153b11c-e0b7-4446-8ba9-aee99d87355b,CMS/NEFT/UTR202608000434RZP/RAZORPAY-PAYOUT/20260815,7c303bdebc9375ab8f8e14195b577ce84cbf88ec240fe4d6bc0764fa93c9ce59,24624239,2026-08-15T21:00:00+00:00,UNMATCHED,2026-08-15T21:00:00+00:00,2026-08-15T21:00:00+00:00
0757183a-4aea-4328-a73e-c6bc0fb09ae1,CMS/NEFT/UTR202608000435RZP/RAZORPAY-PAYOUT/20260816,7aadcad71b5e8cd97fe34c90c7bbb42bc4e151dc57383c82cf76902c995f9ec8,25204405,2026-08-16T23:00:00+00:00,UNMATCHED,2026-08-16T23:00:00+00:00,2026-08-16T23:00:00+00:00
93d63a28-94b1-4d44-9d72-b68e0b97a388,CMS/NEFT/UTR202608000436RZP/RAZORPAY-PAYOUT/20260817,789e9956ecde811d0df98c3a7f15f9bca5f34a0c0d5b6339d2588004d5600619,22627244,2026-08-17T22:00:00+00:00,UNMATCHED,2026-08-17T22:00:00+00:00,2026-08-17T22:00:00+00:00
058da591-5f0b-4fb4-a4b3-af067409be6f,CMS/NEFT/UTR202608000437RZP/RAZORPAY-PAYOUT/20260818,bea139cfa3b673e82df0ce3d5624ff80a428dcd0f8c32a8bb7d8c4187330f645,16383688,2026-08-18T17:00:00+00:00,UNMATCHED,2026-08-18T17:00:00+00:00,2026-08-18T17:00:00+00:00
89477b8d-6bd8-4c32-b599-37ca67514bed,CMS/NEFT/UTR202608000438RZP/RAZORPAY-PAYOUT/20260819,c94229ec06b2ab1957b9b4f2bd1ff246467389887f70662eb9de81009e7ce41a,30304225,2026-08-19T17:00:00+00:00,UNMATCHED,2026-08-19T17:00:00+00:00,2026-08-19T17:00:00+00:00
2badd228-db83-4262-8b27-bfa561b69408,CMS/NEFT/UTR202608000439RZP/RAZORPAY-PAYOUT/20260820,0852ddd13e3ec74877d73bfc72886f50df5a2911f70db68934522571ab693a86,24231145,2026-08-20T21:00:00+00:00,UNMATCHED,2026-08-20T21:00:00+00:00,2026-08-20T21:00:00+00:00
9f189591-8411-4f32-bc76-d6e8da9be67d,CMS/NEFT/UTR202608000440RZP/RAZORPAY-PAYOUT/20260822,0c3af7e7cd4e0a4a2ad26d9d4a85c837b92664cfbed6bba75021cabb265f188d,24407414,2026-08-22T00:00:00+00:00,UNMATCHED,2026-08-22T00:00:00+00:00,2026-08-22T00:00:00+00:00
2e8716ad-17db-4a8d-91a0-e070fdf6df77,CMS/NEFT/UTR202608000441RZP/RAZORPAY-PAYOUT/20260822,55516eeb129abd463429a0f8798f494ebe2fc185702b8165a672ae14c2ea0912,29700394,2026-08-22T18:00:00+00:00,UNMATCHED,2026-08-22T18:00:00+00:00,2026-08-22T18:00:00+00:00
668079ae-92d5-46e8-b425-42d12c395b03,CMS/NEFT/UTR202608000442RZP/RAZORPAY-PAYOUT/20260824,cd2268ac9fccb5bb14cb8e7d58003ba745efdaa40ee6dc4f086df378ee09536a,29462750,2026-08-24T01:00:00+00:00,UNMATCHED,2026-08-24T01:00:00+00:00,2026-08-24T01:00:00+00:00
99a3cf15-16eb-47cc-aeb9-4cd02cd6899a,CMS/NEFT/UTR202608000443RZP/RAZORPAY-PAYOUT/20260824,cce7ae95abd215ed49dc1cade57ab5b23db2b48aa306f3a83653847eb1761ee0,35140870,2026-08-24T17:00:00+00:00,UNMATCHED,2026-08-24T17:00:00+00:00,2026-08-24T17:00:00+00:00
0945c800-522f-4a12-808b-672f592181de,CMS/NEFT/UTR202608000444RZP/RAZORPAY-PAYOUT/20260825,56185fc106f5a00c3b05a663643b9057bf50f5d4875bec4dd0f9176f83ecdeb3,26973969,2026-08-25T23:00:00+00:00,UNMATCHED,2026-08-25T23:00:00+00:00,2026-08-25T23:00:00+00:00
731d604c-8001-4801-bae4-604dbe3d7aa2,CMS/NEFT/UTR202608000445RZP/RAZORPAY-PAYOUT/20260827,fae3b37ad0faec0304007abddba630a61b86fd9d75b39c895c615c4d0d1c67fd,26540318,2026-08-27T01:00:00+00:00,UNMATCHED,2026-08-27T01:00:00+00:00,2026-08-27T01:00:00+00:00
cbd50a6d-a8bf-4eab-94d9-53dff14b20c4,CMS/NEFT/UTR202608000446RZP/RAZORPAY-PAYOUT/20260827,d5eb2f08f6a8ed35dea04b49c54531f1d38022242b55d5ac740df96f0034539e,29181701,2026-08-27T19:00:00+00:00,UNMATCHED,2026-08-27T19:00:00+00:00,2026-08-27T19:00:00+00:00
19324be3-93f7-4f96-8468-059243a49e2e,CMS/NEFT/UTR202608000447RZP/RAZORPAY-PAYOUT/20260828,586618cf0f77a609a8dcdf39ae5514b8e9b93722376049a7dc640df9af632317,27326016,2026-08-28T15:00:00+00:00,UNMATCHED,2026-08-28T15:00:00+00:00,2026-08-28T15:00:00+00:00
73f2db6e-a7a3-4c84-84bf-f5d6afd3187a,CMS/NEFT/UTR202608000448RZP/RAZORPAY-PAYOUT/20260830,ebac8dabc066601ed09bdff7ec0bb51ee062690e8d4b63d276e2203079da7e05,19398428,2026-08-30T01:00:00+00:00,UNMATCHED,2026-08-30T01:00:00+00:00,2026-08-30T01:00:00+00:00
9643c1d9-72fd-48a8-a89c-fb8cded474a7,CMS/NEFT/UTR202608000449RZP/RAZORPAY-PAYOUT/20260802,c7a06ff42b4ebd6c1247f65b115f2161133dc29c2074bc4be4a40f738681cb71,23054905,2026-08-02T18:00:00+00:00,UNMATCHED,2026-08-02T18:00:00+00:00,2026-08-02T18:00:00+00:00
42aa146b-afe5-4492-a55a-840cb90f20fa,CMS/NEFT/UTR202608000450RZP/RAZORPAY-PAYOUT/20260803,ee2c017e1cd80d22f7cb3c19e712fd2cb99b28a746d3a72da17ac8764889e32f,27189518,2026-08-03T15:00:00+00:00,UNMATCHED,2026-08-03T15:00:00+00:00,2026-08-03T15:00:00+00:00
3cf57111-3ae4-465a-a72c-fc307c1a3e94,CMS/NEFT/UTR202608000451RZP/RAZORPAY-PAYOUT/20260805,ff2007930e8c2951f576925bf64abf5380fd4e742e868794b7f7d7d6ad6cbad8,28769261,2026-08-05T02:00:00+00:00,UNMATCHED,2026-08-05T02:00:00+00:00,2026-08-05T02:00:00+00:00
7bd031c5-c5c3-4f92-a665-065268f3cc43,CMS/NEFT/UTR202608000452RZP/RAZORPAY-PAYOUT/20260805,341adaaac7eec5eca12885609d3101d4a585dc0d60aa99d6a0046c70bddb08b8,28677739,2026-08-05T21:00:00+00:00,UNMATCHED,2026-08-05T21:00:00+00:00,2026-08-05T21:00:00+00:00
6870e2fe-5746-4c96-aa5c-b327e43696e6,CMS/NEFT/UTR202608000453RZP/RAZORPAY-PAYOUT/20260806,c66246d96a409f5213b18d6c2dd9afdbd885fa9fe2a2a59c8cfbd1f4540d22a3,26088499,2026-08-06T19:00:00+00:00,UNMATCHED,2026-08-06T19:00:00+00:00,2026-08-06T19:00:00+00:00
787aa30f-c62b-44c4-91f7-407a10e73e1b,CMS/NEFT/UTR20260800045/RZP-SETTLEMENT/NOREF-9436,a6ed1f45de339c515520fca6fb0ddeddd8f7abb8b4178872e772a80c20026589,27144051,2026-08-08T00:00:00+00:00,UNMATCHED,2026-08-08T00:00:00+00:00,2026-08-08T00:00:00+00:00
9f477763-2f49-49aa-9746-5d82a028f7de,ACH-CR-AXIS000192-TXN-CMS-UTR202608000-MERCHANT-SETTLE-BATCH,9ffcb48b0877a117336f5b5eb264d1b1acf6a14d09da68d8c73647ac48974348,27836263,2026-08-08T19:00:00+00:00,UNMATCHED,2026-08-08T19:00:00+00:00,2026-08-08T19:00:00+00:00
753bbaf6-5b92-4c48-9cf0-5d9e625f5d5c,CMS/NEFT/UTR202608000456RZP/RAZORPAY-PAYOUT/20260809,ec3db07f3a9010c43158e7066605ae054907db5af99c1ec71d7819ad90864848,27337800,2026-08-09T14:00:00+00:00,UNMATCHED,2026-08-09T14:00:00+00:00,2026-08-09T14:00:00+00:00
2d991dda-c4bc-4bbd-97c3-812c1612cd86,CMS/NEFT/UTR202608000457RZP/RAZORPAY-PAYOUT/20260810,a6874e5e38313362c6c36bff01f4247bf4013c1798aeac8fdb12a443ed8d6347,27831323,2026-08-10T23:00:00+00:00,UNMATCHED,2026-08-10T23:00:00+00:00,2026-08-10T23:00:00+00:00
fe83a372-82a1-4cc3-9327-34f175477e19,CMS/NEFT/UTR202608000458RZP/RAZORPAY-PAYOUT/20260811,015df665630da0b9f738471a438e89ed182ab791b74e7175016ecee165544f44,18363302,2026-08-11T16:00:00+00:00,UNMATCHED,2026-08-11T16:00:00+00:00,2026-08-11T16:00:00+00:00
fe17f085-5e5c-4aeb-b1fe-bf71319079ec,CMS/NEFT/UTR202608000459RZP/RAZORPAY-PAYOUT/20260812,de57f007d93e2847a2fce567db2104e0fd329d5298cb00ec6fe3456ec0a47a53,25746567,2026-08-12T16:00:00+00:00,UNMATCHED,2026-08-12T16:00:00+00:00,2026-08-12T16:00:00+00:00
fd24a094-d4e3-414a-aa5b-ce043226f600,CMS/NEFT/UTR202608000460RZP/RAZORPAY-PAYOUT/20260813,a18be66da31d0f4dabb944f6c21a1cfca721a00201a30d2fc723b621d48b368f,24757497,2026-08-13T22:00:00+00:00,UNMATCHED,2026-08-13T22:00:00+00:00,2026-08-13T22:00:00+00:00
90bab7b0-88ea-4a56-a3db-0e8a3144d2b9,ACH-CR-AXIS000192-TXN-CMS-UTR202608000-MERCHANT-SETTLE-BATCH,9ffcb48b0877a117336f5b5eb264d1b1acf6a14d09da68d8c73647ac48974348,24591539,2026-08-14T18:00:00+00:00,UNMATCHED,2026-08-14T18:00:00+00:00,2026-08-14T18:00:00+00:00
32fef2cf-c102-44aa-9b2d-a864f16105c7,NEFT CR 202608000462 RAZORPAY SOFTWARE PRIVATE LTD SETTL,b8fd9bd465e39919a67333c5c1e25d91bec6fd590d2e570be289b11ee161d474,25904669,2026-08-15T18:00:00+00:00,UNMATCHED,2026-08-15T18:00:00+00:00,2026-08-15T18:00:00+00:00
ccffabaa-f917-4254-b83b-0216e2815a98,CMS/NEFT/UTR20260800046/RZP-SETTLEMENT/NOREF-2219,82677f583d7aa89313bb7426950b08144d44b47c38f6f792bafa6c1814180b94,28907920,2026-08-16T21:00:00+00:00,UNMATCHED,2026-08-16T21:00:00+00:00,2026-08-16T21:00:00+00:00
ec4c4cb6-ed13-45b8-acda-5138b287b572,CMS/NEFT/UTR202608000464RZP/RAZORPAY-PAYOUT/20260817,cf915591ad796dfce07151ae35d2d48a206140c25a719bbdbc357dae49019fa8,20531361,2026-08-17T17:00:00+00:00,UNMATCHED,2026-08-17T17:00:00+00:00,2026-08-17T17:00:00+00:00
25820d4b-21f0-4210-94d8-363f2d692c2b,CMS/NEFT/UTR202608000465RZP/RAZORPAY-PAYOUT/20260818,eb3bdf3047819cf838d5f7fe6695504719392850c5900273e1fe6d3e4309740d,25135959,2026-08-18T16:00:00+00:00,UNMATCHED,2026-08-18T16:00:00+00:00,2026-08-18T16:00:00+00:00
9292500a-3b83-4d5e-a5d1-e84d5469081a,CMS/NEFT/UTR202608000466RZP/RAZORPAY-PAYOUT/20260819,6535209e5c1a2fd19aed64b20828d6853c7baf410186bfa84e3dfca2e8a70e04,29082028,2026-08-19T22:00:00+00:00,UNMATCHED,2026-08-19T22:00:00+00:00,2026-08-19T22:00:00+00:00
08d486b6-06f5-44da-aaca-f569f43e0443,CMS/NEFT/UTR202608000467RZP/RAZORPAY-PAYOUT/20260820,aca191e448c2cec73fd614bc5dcd622cdc6e69e05ce184abc3ea0f53fd51950f,26106175,2026-08-20T14:00:00+00:00,UNMATCHED,2026-08-20T14:00:00+00:00,2026-08-20T14:00:00+00:00
f2487634-aadd-4c49-86a8-929b65b8856e,CMS/NEFT/UTR202608000468RZP/RAZORPAY-PAYOUT/20260821,1b05d139a54d048f84be740111c5a10556d8720824c1f0e1fd7ae759fc810784,29865271,2026-08-21T20:00:00+00:00,UNMATCHED,2026-08-21T20:00:00+00:00,2026-08-21T20:00:00+00:00
d712abba-911c-4976-8456-9fce026fc16b,CMS/NEFT/UTR20260800046/RZP-SETTLEMENT/NOREF-1151,64c0d63836aad2eb097495aabb7b6b2c61592e75b996e3ac296c2a41f2b8127d,19735549,2026-08-22T16:00:00+00:00,UNMATCHED,2026-08-22T16:00:00+00:00,2026-08-22T16:00:00+00:00
b3003507-11e8-45a2-9abb-8ec099b9d2a9,ACH-CR-AXIS000192-TXN-CMS-UTR202608000-MERCHANT-SETTLE-BATCH,9ffcb48b0877a117336f5b5eb264d1b1acf6a14d09da68d8c73647ac48974348,26986047,2026-08-23T16:00:00+00:00,UNMATCHED,2026-08-23T16:00:00+00:00,2026-08-23T16:00:00+00:00
e663a45f-3711-491c-85ab-7006310aeb4a,NEFT CR 202608000471 RAZORPAY SOFTWARE PRIVATE LTD SETTL,cd09f093910480df8918b48e3cef8bf3017ae6e4ed3422027618404c4c68f65d,26569483,2026-08-24T20:00:00+00:00,UNMATCHED,2026-08-24T20:00:00+00:00,2026-08-24T20:00:00+00:00
57ea9254-c20d-4cd2-a420-1d40ec352cdc,CMS/NEFT/UTR202608000472RZP/RAZORPAY-PAYOUT/20260826,88121bfa34337a71ddd904a6c8e8539b370a3534f46cfee14c7a3ab13df27e42,26554753,2026-08-26T02:00:00+00:00,UNMATCHED,2026-08-26T02:00:00+00:00,2026-08-26T02:00:00+00:00
0851f824-9258-408c-8ea3-2e88b9e51b13,ACH-CR-AXIS000192-TXN-CMS-UTR202608000-MERCHANT-SETTLE-BATCH,9ffcb48b0877a117336f5b5eb264d1b1acf6a14d09da68d8c73647ac48974348,27459273,2026-08-26T18:00:00+00:00,UNMATCHED,2026-08-26T18:00:00+00:00,2026-08-26T18:00:00+00:00
a470a333-04d8-40f8-9bbe-b0c31c3bad41,CMS/NEFT/UTR202608000474RZP/RAZORPAY-PAYOUT/20260827,accd8c704cea2026a34ca4cc389bb9cca1fd835bfb91a0fe5637b32d96f2dcfb,21952610,2026-08-27T15:00:00+00:00,UNMATCHED,2026-08-27T15:00:00+00:00,2026-08-27T15:00:00+00:00
ed41b93e-358f-4e78-ac4b-ff782fd614b5,CMS/NEFT/UTR202608000475RZP/RAZORPAY-PAYOUT/20260828,1296c56b39926439db908ec880fdd70cdac4e674500e11f974f06889cf00f83c,17557964,2026-08-28T17:00:00+00:00,UNMATCHED,2026-08-28T17:00:00+00:00,2026-08-28T17:00:00+00:00
7746c7ee-f98d-4db2-ac02-b755a221107e,CMS/NEFT/UTR202608000476RZP/RAZORPAY-PAYOUT/20260829,8473d6f86265a40ada6f3e298e5587f8eefc8b8b184c486da255e36d11abc07b,29247201,2026-08-29T15:00:00+00:00,UNMATCHED,2026-08-29T15:00:00+00:00,2026-08-29T15:00:00+00:00
c1a6dcbd-deb6-45db-a3a0-5ac97f62fafb,CMS/NEFT/UTR202608000477RZP/RAZORPAY-PAYOUT/20260802,bc67142761a0b6c34d14548235e79e8f3f3699d743894e4e004397f70cd4a0ee,25863916,2026-08-02T17:00:00+00:00,UNMATCHED,2026-08-02T17:00:00+00:00,2026-08-02T17:00:00+00:00
a4c65055-19c8-413e-995f-27d9e69ba8bc,CMS/NEFT/UTR202608000478RZP/RAZORPAY-PAYOUT/20260803,3c9b5cb2203dc31ed7a839f7de50b40955a5ce85293fe60f9a892ae2a67d357b,27338094,2026-08-03T15:00:00+00:00,UNMATCHED,2026-08-03T15:00:00+00:00,2026-08-03T15:00:00+00:00
735617ad-5907-4364-9ce3-f5b3a3a45e08,CMS/NEFT/UTR202608000479RZP/RAZORPAY-PAYOUT/20260805,5371513fff2887bb0c08a8d9baba5ce23fe2ae2c8cfb21ea10bb382d80a66979,21072345,2026-08-05T01:00:00+00:00,UNMATCHED,2026-08-05T01:00:00+00:00,2026-08-05T01:00:00+00:00
532330cb-5a53-4d0f-90a6-86e953335ad2,CMS/NEFT/UTR202608000480RZP/RAZORPAY-PAYOUT/20260806,62643ed26496323a7d3a5f9a09a98d8efd2084405e164205f4f2e7554e01f9bb,32767376,2026-08-06T03:00:00+00:00,UNMATCHED,2026-08-06T03:00:00+00:00,2026-08-06T03:00:00+00:00
bd697011-4f67-4473-abcf-6ad89a6d5908,CMS/NEFT/UTR202608000481RZP/RAZORPAY-PAYOUT/20260806,74868d817d732373fec1dd3e8a5bb9d4caad79b5c544cf0c7106672b96c5399b,21212084,2026-08-06T16:00:00+00:00,UNMATCHED,2026-08-06T16:00:00+00:00,2026-08-06T16:00:00+00:00
855c6310-eb9e-4ef6-b7b1-67c5e9dc6daa,CMS/NEFT/UTR202608000482RZP/RAZORPAY-PAYOUT/20260807,2220997a53e24fb8c64369a28e9330689b00adec9634d3613904509e339f4712,23244235,2026-08-07T20:00:00+00:00,UNMATCHED,2026-08-07T20:00:00+00:00,2026-08-07T20:00:00+00:00
f060fddf-9841-44f6-9201-94e14ad3acfa,CMS/NEFT/UTR202608000483RZP/RAZORPAY-PAYOUT/20260809,ea7c290e0bd3d40c37856ab5b28d9ffaa69b069c120e988be0b654f56e358232,23502304,2026-08-09T03:00:00+00:00,UNMATCHED,2026-08-09T03:00:00+00:00,2026-08-09T03:00:00+00:00
7bdccd97-0176-4e66-883d-bd00272af1ba,CMS/NEFT/UTR202608000484RZP/RAZORPAY-PAYOUT/20260809,0dccc7043fbd3779896daf528468bf63269ab94f29542e8d8863f0eaa4c9e45c,26991448,2026-08-09T16:00:00+00:00,UNMATCHED,2026-08-09T16:00:00+00:00,2026-08-09T16:00:00+00:00
154c720d-40d0-4480-9828-173319878cdd,CMS/NEFT/UTR202608000485RZP/RAZORPAY-PAYOUT/20260810,c4b8d161333d0fa31097eece3f1f320639e968fc1bd3408270a5d7c06abc0153,26666112,2026-08-10T21:00:00+00:00,UNMATCHED,2026-08-10T21:00:00+00:00,2026-08-10T21:00:00+00:00
16ab6102-9328-4237-8fe5-03b17e929ade,CMS/NEFT/UTR202608000486RZP/RAZORPAY-PAYOUT/20260811,3869c2b9e23033b09854951cc2c076a93711143a3feedb5c25457eee4392a11c,26445555,2026-08-11T22:00:00+00:00,UNMATCHED,2026-08-11T22:00:00+00:00,2026-08-11T22:00:00+00:00
79f3cfd4-f444-4012-aaba-972cb519dfb0,CMS/NEFT/UTR202608000487RZP/RAZORPAY-PAYOUT/20260812,a679e1d2d40e09583a5645c2771e03bd7ad25e879678861812af677dcd8cf50f,27331908,2026-08-12T22:00:00+00:00,UNMATCHED,2026-08-12T22:00:00+00:00,2026-08-12T22:00:00+00:00
f318349d-dee9-474d-a2b2-34f27e29e4bc,ACH-CR-AXIS000192-TXN-CMS-UTR202608000-MERCHANT-SETTLE-BATCH,9ffcb48b0877a117336f5b5eb264d1b1acf6a14d09da68d8c73647ac48974348,27103200,2026-08-13T19:00:00+00:00,UNMATCHED,2026-08-13T19:00:00+00:00,2026-08-13T19:00:00+00:00
9c1f84db-7511-4a64-9bf9-2d6919ab449a,CMS/NEFT/UTR202608000489RZP/RAZORPAY-PAYOUT/20260814,4e78ecffc9c05895c135e25966df0b9dfe3206f88f8b48f57be0cb608f8fcc6a,25575699,2026-08-14T15:00:00+00:00,UNMATCHED,2026-08-14T15:00:00+00:00,2026-08-14T15:00:00+00:00
e2699a0b-2da8-47fd-846e-69602499d7b4,CMS/NEFT/UTR202608000490RZP/RAZORPAY-PAYOUT/20260815,ffd04fd90d593b8bfb85234d9349bbee87cd6d74eb826d18acc25e0b70f352dc,21685408,2026-08-15T21:00:00+00:00,UNMATCHED,2026-08-15T21:00:00+00:00,2026-08-15T21:00:00+00:00
856f9e1f-8149-426d-a72c-0bed79342bf8,CMS/NEFT/UTR202608000491RZP/RAZORPAY-PAYOUT/20260816,c68141c23436f624cdaea1d6b39f701716108c4eb35858d20bcb980e6bfea174,24445024,2026-08-16T14:00:00+00:00,UNMATCHED,2026-08-16T14:00:00+00:00,2026-08-16T14:00:00+00:00
f171338f-4a79-4547-bff7-dfd610b436b8,CMS/NEFT/UTR202608000492RZP/RAZORPAY-PAYOUT/20260817,e7ba4c9c523b12ef618be75a55f8e2355d834eb3f040c59a9459e5daa3f6699e,19321636,2026-08-17T18:00:00+00:00,UNMATCHED,2026-08-17T18:00:00+00:00,2026-08-17T18:00:00+00:00
48794a64-b5de-43c4-8874-eec4adbce345,CMS/NEFT/UTR202608000493RZP/RAZORPAY-PAYOUT/20260818,ee3cb75eb33edff27445a594f5393f3eea281167ebb58a7f1d9b0f28d2b08363,23941062,2026-08-18T16:00:00+00:00,UNMATCHED,2026-08-18T16:00:00+00:00,2026-08-18T16:00:00+00:00
ca2f5031-91b2-4303-bba2-373bb4c47524,ACH-CR-AXIS000192-TXN-CMS-UTR202608000-MERCHANT-SETTLE-BATCH,9ffcb48b0877a117336f5b5eb264d1b1acf6a14d09da68d8c73647ac48974348,24128427,2026-08-19T18:00:00+00:00,UNMATCHED,2026-08-19T18:00:00+00:00,2026-08-19T18:00:00+00:00
1a2efc0e-5e9d-4069-9ef6-65083282f94c,CMS/NEFT/UTR202608000495RZP/RAZORPAY-PAYOUT/20260821,96f36c8c198b6015fe61f12a19cf066a7299134e27a9e50f6ee3decf9a32a92f,25505388,2026-08-21T01:00:00+00:00,UNMATCHED,2026-08-21T01:00:00+00:00,2026-08-21T01:00:00+00:00
6af99c83-6d98-4d37-8c63-b1e5a804685c,CMS/NEFT/UTR202608000496RZP/RAZORPAY-PAYOUT/20260821,0aec7f950fa54c5f03120eb5ac1aabbc94381049ca9012a85030ad718052294f,16344801,2026-08-21T18:00:00+00:00,UNMATCHED,2026-08-21T18:00:00+00:00,2026-08-21T18:00:00+00:00
6491551a-bb09-48a7-93ae-2e14cdd0819b,ACH-CR-AXIS000192-TXN-CMS-UTR202608000-MERCHANT-SETTLE-BATCH,9ffcb48b0877a117336f5b5eb264d1b1acf6a14d09da68d8c73647ac48974348,25666534,2026-08-23T02:00:00+00:00,UNMATCHED,2026-08-23T02:00:00+00:00,2026-08-23T02:00:00+00:00
adb63766-9039-4503-88c3-d165fdd7259f,CMS/NEFT/UTR202608000498RZP/RAZORPAY-PAYOUT/20260823,a60b15f2d84a838db7ae26298a403a98ff0c882052c2982888babcf4aa8221bb,28979900,2026-08-23T16:00:00+00:00,UNMATCHED,2026-08-23T16:00:00+00:00,2026-08-23T16:00:00+00:00
d5d076de-2912-4895-af9d-26ddba4b02fa,CMS/NEFT/UTR202608000499RZP/RAZORPAY-PAYOUT/20260824,e83c7a9ff48f3da469ac9dc4f50e3c62d31e45e56919b9edbafed622e7b4a149,22775821,2026-08-24T18:00:00+00:00,UNMATCHED,2026-08-24T18:00:00+00:00,2026-08-24T18:00:00+00:00
2b1597d6-b97c-46e1-bdfe-99d829ae21f1,CMS/NEFT/UTR202608000500RZP/RAZORPAY-PAYOUT/20260825,8895ed0e725c1d8e7998d8212b64e16c7853ba7cafe846ab03581d314cca2d5d,24880934,2026-08-25T23:00:00+00:00,UNMATCHED,2026-08-25T23:00:00+00:00,2026-08-25T23:00:00+00:00
